reference_id,grade,ticker,formation_date,event_date,entry_date,entry_open,r5,mfe5,mae5,r10,mfe10,mae10,sma200_slope_percentile_d10,pullback_from_peak_atr,event_body_atr,event_body_return,close_location
A+001,A+,UPBD,2019-01-31,2019-02-04,2019-02-05,12.197346781250463,-0.012643788666017008,0.030459810245115015,-0.01666700202321536,0.032758403114105494,0.06149391995199216,-0.01666700202321536,0.8623853211009175,0.26430980981822494,1.18061759399652,0.03890825220732408,0.8933334350585941
A+002,A+,CDNA,2019-04-30,2019-05-02,2019-05-03,28.63999938964844,0.1487430945187167,0.20111739731085132,-0.02234634788015255,0.2053073042396949,0.22800275553277616,-0.02234634788015255,0.8454545454545455,0.34572141619420843,0.7238539575738506,0.04955614644486883,0.8414632160701142
A+003,A+,ROKU,2019-05-31,2019-06-04,2019-06-05,97.3000030517578,0.029804663982813784,0.06916747704477588,-0.008324821814829853,0.07286738042669105,0.09064747603484169,-0.008324821814829853,0.8018018018018018,0.22065950837032766,0.5215592553631171,0.028571411803528513,0.9602640474133356
A+004,A+,SE,2019-05-31,2019-06-04,2019-06-05,28.950000762939453,0.053195128414302184,0.07426596068635027,-0.029015548547522862,0.07979272556357064,0.1205526000620103,-0.029015548547522862,0.9279279279279279,-0.16440101098898421,0.3454334374296527,0.019155693435561005,0.9782603888223903
A+005,A+,UPBD,2019-05-31,2019-06-04,2019-06-05,17.279568943018404,-0.0004056133236083337,0.00770793253541413,-0.05070981468233826,0.04665342763444169,0.07383396628194139,-0.05070981468233826,0.7747747747747747,0.2711906127102361,0.29378544331395057,0.010717239341667462,0.7954544469345936
A+006,A+,ZS,2019-06-28,2019-07-02,2019-07-03,79.16000366210938,0.05217277744259152,0.08009090506049743,-0.00833759009065449,0.035876657484921415,0.08009090506049743,-0.00833759009065449,0.8333333333333334,0.17101257618097696,0.6504605457211674,0.027723509080498587,0.7834393511611747
A+007,A+,ROKU,2019-12-31,2020-01-03,2020-01-06,136.25999450683594,-0.05768384652295899,0.060839636570702904,-0.05988543029708504,-0.04315272171633944,0.060839636570702904,-0.0730954928563311,0.8632478632478633,0.026628504260707415,0.44382646369016304,0.022303175395992803,0.7177903772884286
A+008,A+,MGNI,2020-01-31,2020-02-04,2020-02-05,9.829999923706056,0.03255337714220152,0.0691760234438954,-0.026449667436397317,0.2970498574727414,0.32146489032939285,-0.026449667436397317,0.603448275862069,0.168775400128734,0.37130845560618037,0.02330511406864666,0.7083329194126157
A+009,A+,DKNG,2020-10-30,2020-11-03,2020-11-04,39.43000030517578,0.02358610950996387,0.12832871757870157,-0.027897501029861882,0.18209485796613856,0.18767439687053566,-0.027897501029861882,0.8189655172413793,0.24087407301568547,0.3432440609028377,0.031379007216949084,0.8489596992744121
A+010,A+,MRNA,2020-10-30,2020-11-03,2020-11-04,68.97000122070312,0.10265335226541139,0.16543418632403672,-0.0007394882055778984,0.3505872100509335,0.496302669591139,-0.0007394882055778984,0.6551724137931034,0.1332990807416569,0.6470519376991263,0.034906394472729474,0.9360910019159506
A+011,A+,NET,2020-10-30,2020-11-03,2020-11-04,55.0,0.1134545759721235,0.30490902987393476,-0.012727286598899101,0.19927271062677554,0.30490902987393476,-0.012727286598899101,0.8017241379310345,-0.053387561470868365,0.42081473983072687,0.025913753167910336,0.9177209383178657
A+012,A+,PDD,2020-11-30,2020-12-02,2020-12-03,144.8000030517578,0.019129863356914578,0.12638123388171896,-0.015814975805651943,0.0046270590802808265,0.12638123388171896,-0.043024831465729996,0.8387096774193549,0.23178951798304526,1.1388344266997639,0.08995989675697902,0.9441266741071429
A+013,A+,UPWK,2020-12-31,2021-01-05,2021-01-06,34.68000030517578,0.22837364761393308,0.2315455221636329,-0.012975800431936357,0.14734719046668876,0.27018451122926757,-0.012975800431936357,0.8671875,-0.20340444276926495,0.6632766769605035,0.04524886669549644,0.8750013546523095
A+014,A+,TGTX,2020-12-31,2021-01-07,2021-01-08,55.10699844360352,-0.07107989779017276,0.02963331847105577,-0.07343889496094047,-0.10319923848652879,0.02963331847105577,-0.15092452434308845,0.7421875,-0.043044514351735716,0.4218312051766147,0.028150083715874352,0.9627480617365256
A+015,A+,DFTX,2021-01-29,2021-02-02,2021-02-03,49.650001525878906,0.021148020237486964,0.11178245853965874,-0.036253836786281024,0.22326281457805908,0.32930509509851746,-0.036253836786281024,0.916030534351145,0.058582160207751754,0.292911545951348,0.03289473794283748,0.733332316080726
A+016,A+,TDAY,2021-05-28,2021-06-02,2021-06-03,5.099999904632568,0.05098043798896268,0.06470586860331129,-0.017646995575231528,0.13137256643580586,0.1411765255867552,-0.017646995575231528,0.6194029850746269,0.12121201174536678,0.30303002936341694,0.019342341036143962,0.962962112636009
A+017,A+,CLDX,2021-07-30,2021-08-03,2021-08-04,44.20000076293945,0.05203618093574858,0.08914023888462386,-0.011312216999309177,0.028733041534889203,0.08914023888462386,-0.05022627109464983,0.8153846153846154,0.0,0.36303155985581326,0.027466257739954703,0.9125682946200203
A+018,A+,AA,2022-01-31,2022-02-02,2022-02-03,56.091838925385346,0.22088290729616222,0.2286927389051745,-0.009677413922880462,0.32156217846318413,0.323429761365134,-0.009677413922880462,0.8992805755395683,0.21886115120461141,0.2899213189907708,0.017528793294995904,0.8394003652962063
A+019,A+,SGML,2022-08-31,2022-09-07,2022-09-08,23.979999542236328,0.2039199912570573,0.21976649534465342,-0.0229357484386864,0.12969143743617972,0.23019185000571896,-0.0229357484386864,0.9852941176470589,-0.2314948970462359,0.34427495577926714,0.025206428419676463,0.761061767654776
A+020,A+,RYTM,2022-09-30,2022-10-04,2022-10-05,24.729999542236328,-0.047715338739107604,0.07885162956064962,-0.08127781100234,-0.04326727515691087,0.07885162956064962,-0.11120097253957806,1.0,-0.1932463456704041,0.2798741055222266,0.03500000635782885,0.7435899003409998
A+021,A+,WFRD,2023-02-28,2023-03-02,2023-03-03,65.12543917050809,-0.06490998972663509,0.044811318821685875,-0.06773866957063979,-0.18773268997375214,0.044811318821685875,-0.2338842745931463,0.9014084507042254,-0.14363512504253148,0.4472358785040798,0.020499701925055014,0.7326196226907803
A+022,A+,AXSM,2023-05-31,2023-06-02,2023-06-05,73.87999725341797,-0.0018949566168529053,0.03830538625153723,-0.010286877843661224,0.1505143903625088,0.164861948537935,-0.010286877843661224,0.7372262773722628,-0.21606053933891362,0.2749882817797651,0.013399006906093858,0.90945053360687
A+023,A+,PRTA,2023-05-31,2023-06-02,2023-06-05,68.66000366210938,0.012234143505503337,0.07716277655720316,-0.008869809600724698,-0.0033498885037275272,0.12336139148770298,-0.008869809600724698,0.927007299270073,0.25448114288477236,0.4991743340977195,0.030461413742616017,0.9741698455821286
A+024,A+,TMDX,2023-05-31,2023-06-05,2023-06-06,74.47000122070312,0.10057738338920919,0.10380012892211532,0.0,0.07895793147621566,0.1482476263537129,0.0,0.781021897810219,-0.017942118415699992,0.26316323836984995,0.011911273897236008,0.7175576668465621
A+025,A+,VKTX,2023-05-31,2023-06-05,2023-06-06,23.049999237060547,0.0297180649008284,0.10932757228520562,-0.006507575856622871,-0.053796087295502004,0.10932757228520562,-0.10043378322489738,1.0,0.33515979006996155,0.3931682625573665,0.027159422761209084,0.7070122979053984
A+026,A+,AAOI,2023-07-31,2023-08-02,2023-08-03,7.630000114440918,0.5937089993481768,0.726081242301392,-0.1480996195926948,0.7077325737269604,1.0838793420772226,-0.1480996195926948,0.9928057553956835,0.2204736118472982,0.4409472236945964,0.08516885882224012,0.8749998645349158
A+027,A+,ANF,2023-08-31,2023-09-05,2023-09-06,55.06999969482422,-0.051025992171107926,0.008171432094301379,-0.05393138255241847,-0.08153255653988178,0.008171432094301379,-0.08952243204096344,0.8897058823529411,0.08060444784041076,0.3576821171817176,0.013114131741353452,0.7261144020643027
A+028,A+,UPST,2024-01-31,2024-02-02,2024-02-05,31.700000762939453,0.0694006533120175,0.11482647640513521,-0.026498426888681315,-0.17381703773722268,0.16593054242707406,-0.20189278775542374,0.5460992907801419,-0.014238239585469797,0.4413759223167296,0.03941518482366413,0.866359147266517
A+029,A+,APP,2024-04-30,2024-05-02,2024-05-03,73.0,0.16013701974529115,0.21232876712328763,-0.006849315068493178,0.14013703228676166,0.21232876712328763,-0.006849315068493178,0.9020979020979021,0.03159759013085234,0.3338427002659476,0.017051491321570023,0.7552737726185532
A+030,A+,VRT,2024-04-30,2024-05-06,2024-05-07,95.63855160240999,-0.011470210203085363,0.04586014230538282,-0.022523445139096987,0.03566211735707303,0.09238787767264278,-0.029197184389432307,0.9370629370629371,0.4169556003666702,0.5027992728973986,0.03040579261722942,0.9930807448825054
A+031,A+,AMSC,2024-06-28,2024-07-02,2024-07-03,24.15999984741211,0.13534770192119594,0.2061258101692316,-0.0024834216192600733,0.20033113340877473,0.353476861318859,-0.0024834216192600733,0.94,0.14744914730087913,0.5367148061793826,0.03925797391853014,0.8979593955129278
A+032,A+,ROOT,2024-06-28,2024-07-02,2024-07-03,53.810001373291016,0.15071541699829338,0.2637055986724486,-0.024344942201418474,0.4757480326236361,0.5439509331120747,-0.024344942201418474,0.9533333333333334,-0.1353445763911275,0.8177080257723591,0.05700809095282322,0.8797173163951078
A+033,A+,CVNA,2024-09-30,2024-10-02,2024-10-03,35.17599868774414,0.08068004767721093,0.10012517924772513,-0.010518505392532851,0.0996134224513856,0.10967710521118956,-0.010518505392532851,0.9411764705882353,-0.189981405952869,0.4114056317434034,0.0180656559837149,0.8860104821733874
A+034,A+,HOOD,2024-11-29,2024-12-03,2024-12-04,39.95000076293945,-0.06483104137986817,0.07033785994819075,-0.06908641010066907,0.04205257254298411,0.0971214266337288,-0.10838552561609749,0.759493670886076,-0.06842666992193067,0.7253153924899548,0.042914984759228725,0.9689725997465367
A+035,A+,TPC,2024-12-31,2025-01-03,2025-01-06,25.1226847820671,-0.05236017148922201,0.04085683157679698,-0.071003540266386,0.08726697090149305,0.08964695769295727,-0.071003540266386,0.5128205128205128,-0.07653944462903663,0.33677800486187487,0.018077260940807083,0.7692312206744993
A+036,A+,LTBR,2025-03-31,2025-04-02,2025-04-03,7.110000133514404,0.0604781744393692,0.11392404044571602,-0.14205347537491575,0.02109705943047402,0.1870603968908071,-0.14205347537491575,0.930379746835443,0.08316000278072395,0.7796257695783599,0.10489510349600328,0.9753086637785638
A+037,A+,SEZL,2025-03-31,2025-04-02,2025-04-03,33.56999969482422,0.13643139328836007,0.18617813693229257,-0.2594578243566549,0.2731606215968003,0.2761394263340702,-0.2594578243566549,0.7911392405063291,-0.11821744317427366,0.8500358246064186,0.08838163943796551,0.8558754395150326
A+038,A+,SMR,2025-03-31,2025-04-02,2025-04-03,13.8100004196167,0.16292534235767486,0.19768286842575034,-0.19768286842575022,0.049963762448781424,0.19768286842575034,-0.19768286842575022,0.6329113924050633,0.10052135130553222,0.5088894907728856,0.056643318541155674,0.7111109384293911
A+039,A+,ADPT,2025-05-30,2025-06-03,2025-06-04,9.989999771118164,0.0470470748545575,0.07197195987427163,-0.021021025321151465,0.015015072636763493,0.08808810156183022,-0.021021025321151465,0.7677419354838709,0.3017498621485219,0.6638496967267481,0.04631574530350524,0.9062493946406512
A+040,A+,ASST,2025-06-30,2025-07-02,2025-07-03,85.0,0.6141176111557904,1.4588235294117649,-0.06823533002068016,0.19999999999999996,1.4588235294117649,-0.06823533002068016,0.9814814814814815,0.29748695767965794,0.5316792597860713,0.11111113353731539,0.767857215842442
A+041,A+,CRDO,2025-06-30,2025-07-07,2025-07-08,93.3000030517578,0.05787774619352137,0.07770632114532838,-0.020364431551249562,0.02615214075243011,0.11843510247511313,-0.02304395986660568,0.8024691358024691,-0.24130963855307389,0.27262575626657004,0.01621921487050515,0.9825588616241727
A+042,A+,HSAI,2025-08-29,2025-09-04,2025-09-05,27.190000534057617,0.029422553194086376,0.11952923634293855,-0.060684059805865775,0.09010661299995215,0.11952923634293855,-0.060684059805865775,0.8780487804878049,-0.22608202701629643,0.43562108190343585,0.03083524521080183,0.7769225690496271
A+043,A+,OKLO,2025-11-28,2025-12-03,2025-12-04,96.9800033569336,0.03732723233535218,0.1784903790411776,-0.024489584633842987,-0.2169519507860801,0.1784903790411776,-0.2266446957733801,0.6627906976744186,0.008261509120542179,0.5140702338932974,0.06154520942516606,0.9486853852654294
A+044,A+,ALM,2026-03-31,2026-04-02,2026-04-06,15.619999885559082,0.14468625427436277,0.17477596132600293,-0.011523707201956723,0.499359811003973,0.5627400785053469,-0.011523707201956723,0.9488636363636364,-0.04261095116074152,0.6018803200987314,0.07940970841825701,0.8292679097382339
A+045,A+,LASR,2026-03-31,2026-04-02,2026-04-06,60.36000061035156,0.08300202262375844,0.10006628320827926,-0.08730948317551679,0.16683233255463614,0.18552017782707875,-0.08730948317551679,0.8977272727272727,-0.19298753831713816,0.8784259489406506,0.09628006500010389,0.8659472231773657
A+046,A+,ONDS,2026-03-31,2026-04-02,2026-04-06,9.630000114440918,-0.051921079341443854,0.07684317365775284,-0.06645901720842395,0.03842158682887642,0.0934579032019589,-0.09345800223355871,0.8409090909090909,0.25367834151629626,1.1009640408889705,0.12742219546682731,0.9743592042607246
A+047,A+,WULF,2026-03-31,2026-04-02,2026-04-06,14.9399995803833,0.2630523004840184,0.35274428728960827,-0.0026773736932061976,0.3815261023667915,0.4042838106758544,-0.0026773736932061976,0.6818181818181818,-0.18436578897212055,0.855457148302692,0.08454809218916415,0.9096772089709363
A+048,A+,AMPX,2026-03-31,2026-04-06,2026-04-07,17.40999984741211,0.05628946299973703,0.06203331034874138,-0.09477309781685817,0.12636420345899468,0.1596783866174898,-0.09477309781685817,0.9090909090909091,0.14757276872078004,0.9431839149769571,0.09136105030540098,0.9554141984517671
A+049,A+,TNGX,2026-04-30,2026-05-04,2026-05-05,22.88999938964844,0.0257754551472249,0.07361299336919247,-0.023154163103060843,-0.09873308384201529,0.12538230300396158,-0.1550022031585494,0.9421965317919075,0.2818800989735644,0.968963540279094,0.0783475622209111,0.7553641112287173
A001,A,ARWR,2019-01-31,2019-02-04,2019-02-05,14.380000114440918,0.17663421012787528,0.18219748711461992,-0.11543809695419105,0.26077879113226143,0.2702364813848146,-0.11543809695419105,0.8440366972477065,0.012136202543338649,0.1820395660341207,0.010563420719676309,0.8163277718578682
A002,A,TCMD,2019-01-31,2019-02-04,2019-02-05,68.25,0.013772929544414003,0.030256446027930428,-0.018608009422218408,0.0858608148036859,0.10564101222670552,-0.018608009422218408,0.8165137614678899,-0.00716982507582719,0.23664526045771025,0.00976770260604165,0.9836093253620832
A003,A,NTRA,2019-03-29,2019-04-02,2019-04-03,21.1200008392334,-0.05303034065949652,0.017045392457285313,-0.059185603708781453,-0.023200836126698876,0.017045392457285313,-0.059185603708781453,0.39473684210526316,-0.7531724115558781,0.5403191689987081,0.03246433103241242,0.8989894903139419
A004,A,TBCH,2019-03-29,2019-04-05,2019-04-08,11.920000076293944,0.023489910333813313,0.06124157194328572,-0.0276845571806954,-0.07298656711330931,0.06124157194328572,-0.11157717409340517,0.017543859649122806,-0.8685716901506703,0.25142887660435287,0.01867574465329125,0.8627455013622572
A005,A,VKTX,2019-04-30,2019-05-02,2019-05-03,8.050000190734863,0.07329194268429351,0.10807451738453455,-0.006211203670828613,0.0534160672438706,0.10807451738453455,-0.024844755448886202,0.02727272727272727,0.0876180582643041,0.43809614054720003,0.031645508879100115,0.8956514095311072
A006,A,SBGI,2019-05-31,2019-06-04,2019-06-05,38.28307067794236,-0.06879568369424327,0.019890514010276306,-0.08357666039035949,-0.031569396959014506,0.019890514010276306,-0.08357666039035949,0.9819819819819819,-0.24832726138069572,0.05227927924823598,0.0029422553194085044,0.7685958750796016
A007,A,ENPH,2019-06-28,2019-07-02,2019-07-03,18.670000076293945,0.06534543697745221,0.10712372746797572,-0.0058918377023058355,0.08141405739433694,0.10712372746797572,-0.0058918377023058355,0.9912280701754386,-0.3853096504425112,0.3732684367878484,0.016986272106432,0.8571424678884584
A008,A,TTD,2019-06-28,2019-07-02,2019-07-03,23.43099975585937,0.021851437963914533,0.056523407533599856,-0.023387834125870643,0.042123661901022125,0.06559688754823956,-0.023387834125870643,0.8245614035087719,-0.4641625696537678,0.4579005218003583,0.022349256684378815,0.9801862444118856
A009,A,AGI,2019-08-30,2019-09-04,2019-09-05,6.750524417362138,-0.09383749658399931,0.0014005923065596448,-0.11204466185135498,-0.12467219533346918,0.0014005923065596448,-0.14431094217311602,0.7027027027027027,-0.29810238044600296,0.2981033222525491,0.015406181452570333,0.9499989271179288
A010,A,AU,2019-08-30,2019-09-04,2019-09-05,18.85256779620076,-0.11249427063485251,0.00266782865953763,-0.12405489850809992,-0.15073357715508273,0.00266782865953763,-0.1751889433929893,0.8918918918918919,-0.48852079583573343,0.48851988440394534,0.022291573481816762,0.9705875753121864
A011,A,MDB,2019-09-30,2019-10-02,2019-10-03,120.9800033569336,0.10324018447015271,0.14762764494446046,-0.015870439288013016,0.004050238470599599,0.15989420758195805,-0.015870439288013016,0.41228070175438597,-0.299140981446321,0.4843784604308183,0.03612802822083783,0.8932869178808899
A012,A,APPS,2019-09-30,2019-10-04,2019-10-07,6.420000076293945,0.0,0.020249238768851097,-0.06074764203285332,0.021806832526770403,0.037383141474463644,-0.06074764203285332,0.9824561403508771,-0.43132816902269877,0.24971545378362714,0.017295543139629332,0.9642849236124474
A013,A,SNAP,2019-10-31,2019-11-04,2019-11-05,15.31999969482422,-0.06070491971456515,0.0019582694022926006,-0.08877282531126396,-0.04112272369390202,0.0019582694022926006,-0.11879893805997255,0.8636363636363636,-0.04474901460271168,0.05966582698546367,0.0026126688933187925,0.8695666596177934
A014,A,TSLA,2020-02-28,2020-03-06,2020-03-09,40.35933303833008,-0.09707789927690635,0.10342093072779024,-0.170782452140401,-0.2937940579531656,0.10342093072779024,-0.42101787370213317,0.9831932773109243,-1.3603299969364657,0.17717138639242072,0.019536225692085685,0.845139526980251
A015,A,TGTX,2020-05-29,2020-06-02,2020-06-03,18.600000381469727,-0.0198925178303766,0.0500000153818434,-0.07741938196368103,-0.022043002096955422,0.0500000153818434,-0.10967746632734998,0.9322033898305084,-0.2353750883273898,0.11022414851412757,0.010357073811551931,0.8857136110066611
A016,A,ARCT,2020-07-31,2020-08-04,2020-08-05,52.93000030517578,-0.06952579414241811,0.1707916278746624,-0.07632724149318193,0.06083508789226766,0.1707916278746624,-0.12034760807023592,0.9655172413793104,-0.06780332338625013,0.2144031765794792,0.021889581894197985,0.882128803273386
A017,A,MRNA,2020-07-31,2020-08-04,2020-08-05,77.48999786376953,-0.10994963063549046,0.0,-0.13537228226811104,-0.13498515128186928,0.0,-0.15821389656494111,0.9137931034482759,0.06533693080287244,0.037255541333557886,0.003427431669441372,0.9487168201102838
A018,A,BE,2020-08-31,2020-09-02,2020-09-03,16.600000381469727,-0.1692771298218433,0.001204846825545669,-0.20481930687182082,-0.12349398455576188,0.001204846825545669,-0.20481930687182082,0.811965811965812,0.02280495510437584,0.03040709012550011,0.002433029615531268,0.9395343761948655
A019,A,NVAX,2020-09-30,2020-10-07,2020-10-08,110.9499969482422,0.00730063280998694,0.09887338010311608,-0.01577287109630443,-0.17836857891365954,0.09887338010311608,-0.1888237721900552,0.975,-0.2910604754269414,0.1606498785133162,0.01569710895972687,0.8644064728200003
A020,A,AGNT,2020-10-30,2020-11-03,2020-11-04,20.13292639981035,-0.06906693677331854,0.16372327016850652,-0.09374991332162541,-0.012454864068082272,0.16372327016850652,-0.09374991332162541,0.9913793103448276,-0.19832247901005856,0.23676867467786922,0.025878446824051604,0.8646237351156106
A021,A,NVAX,2020-10-30,2020-11-03,2020-11-04,84.0999984741211,-0.06373365882998105,0.20332935534336594,-0.08929848124243922,0.10451844322247128,0.20332935534336594,-0.08929848124243922,0.896551724137931,-0.2746088162011358,0.19574701758161484,0.016899688627944442,0.7789465019254167
A022,A,DNLI,2020-11-30,2020-12-02,2020-12-03,63.18000030517578,0.20813550905921163,0.2621082222001372,-0.009021837481338557,0.3232035148830552,0.359923991040352,-0.009021837481338557,0.75,-0.14118261955641068,0.1324950574731739,0.009853022320384763,0.772308349609375
A023,A,RIOT,2020-11-30,2020-12-02,2020-12-03,8.8100004196167,0.004540290572967676,0.2814982320221304,-0.05107840425721921,0.2213393548680418,0.32349594688434835,-0.05107840425721921,0.9112903225806451,-0.7564394513409114,0.11737874999908658,0.010688854129738301,0.9594598077701283
A024,A,ARCT,2020-12-31,2021-01-05,2021-01-06,47.91999816894531,0.3123956968430035,0.6976210680834329,-0.008764569803708655,0.40442415741517634,0.6976210680834329,-0.008764569803708655,0.875,-0.16380336209986038,0.07524310691903681,0.023709632222682187,0.9452055689316633
A025,A,FCEL,2020-12-31,2021-01-05,2021-01-06,359.1000061035156,0.5914786696919663,0.5923140575724173,-0.03508773569857171,0.4001670265859858,0.7493734378437849,-0.03508773569857171,0.96875,-0.2951736740708886,0.757877935612658,0.09268292682926838,0.8842972427424107
A026,A,PLUG,2021-01-29,2021-02-02,2021-02-03,65.91000366210938,0.023820355144765104,0.06979211376930272,-0.04187531456347271,-0.14686699411364057,0.06979211376930272,-0.16401160047579832,0.9465648854961832,-0.20674369769638334,0.022813667842237213,0.0024965465946638066,0.8256410156089523
A027,A,RIOT,2021-01-29,2021-02-04,2021-02-05,23.57999992370605,0.8273961107721439,0.9779473935773475,-0.027565717584112304,2.0250212918509547,2.371501283173246,-0.027565717584112304,0.9618320610687023,-0.14956052736207343,0.10415816073779548,-0.016616932299036158,0.7980768789906441
A028,A,GOGO,2021-04-30,2021-05-04,2021-05-05,10.68000030517578,0.08707858847632877,0.102059936464576,-0.0964420091024103,0.14794006353542444,0.17088012707084865,-0.0964420091024103,0.4076923076923077,-0.11246741880360239,0.6142392946554627,0.03490654273089189,0.969387040143865
A029,A,AGNT,2021-05-28,2021-06-02,2021-06-03,29.925852793780365,0.19744020320570188,0.27635547977631836,-0.011273581210395789,0.06307114595514074,0.27635547977631836,-0.011273581210395789,0.11940298507462686,0.059914087966381535,0.027961700652417914,0.002104735810409375,0.9779739088203516
A030,A,CLSK,2021-05-28,2021-06-02,2021-06-03,17.030000686645508,0.10863173220960665,0.19788601268392414,-0.05871990368057789,0.14034053395679624,0.21843800137199176,-0.05871990368057789,0.19402985074626866,-0.1807524633555017,0.13410663048555355,0.013593353498772887,0.8035701513278225
A031,A,WULF,2021-06-30,2021-07-08,2021-07-09,17.578701438011944,-0.12997085935330577,0.13530547500610268,-0.12997085935330577,0.025703234857636037,0.13530547500610268,-0.12997085935330577,0.7553956834532374,-1.8635836176869331,0.08323712855384927,-0.00867053483580249,0.8043475105992529
A032,A,JKS,2021-07-30,2021-08-03,2021-08-04,44.81178803625404,0.01816013193614796,0.047455990669396764,-0.0734965059318452,-0.29758430199823815,0.047455990669396764,-0.3147163921934032,0.015384615384615385,0.15185734925917796,0.386875018788695,0.03894448334733669,0.9936707409084041
A033,A,BNTX,2021-08-31,2021-09-03,2021-09-07,330.16690342513834,-0.022119891147286852,0.08596874148915745,-0.03607939788621084,0.013361597490407773,0.12049380744540583,-0.03607939788621084,0.96875,-0.19259094593790865,0.1499334844826207,0.017686985087272733,0.9992639881520116
A034,A,UUUU,2021-09-30,2021-10-05,2021-10-06,6.599999904632568,0.13484846656753757,0.14545455333615154,-0.0742423906361318,0.2530303904942366,0.3045454213770291,-0.0742423906361318,0.7333333333333333,-0.6302841971612171,0.04611869558750776,0.004285744258335722,0.8055564753799794
A035,A,GSAT,2021-10-29,2021-11-02,2021-11-03,24.899999618530277,0.048192802462792894,0.05421688362055521,-0.048192725862445385,-0.048192725862445385,0.05421688362055521,-0.06626504593607974,0.6992481203007519,-0.5102041875523549,0.0,0.0,1.0
A036,A,BTU,2021-11-30,2021-12-02,2021-12-03,9.650816657315458,-0.0484188124219056,0.03754941884763929,-0.10869524589077573,-0.035573165279844665,0.03754941884763929,-0.15217406677442202,0.7071428571428572,-0.2915724131019425,0.531084103403039,0.05368423461914085,0.9137929050026729
A037,A,UUUU,2021-11-30,2021-12-02,2021-12-03,8.800000190734863,-0.0659090808107835,0.013636350336153846,-0.15681819142388886,-0.14659090157875365,0.013636350336153846,-0.20113635710940891,0.7857142857142857,-0.6892063241868458,0.3901172318571083,0.03567184258953082,0.7818184655558965
A038,A,AA,2022-03-31,2022-04-04,2022-04-05,88.85455643884359,-0.11448505842611978,0.0,-0.13272536765384846,-0.0710298778405749,0.0,-0.13272536765384846,0.916083916083916,-0.46158168757177015,0.01722288688973278,-0.0010988843310011376,0.7509159454149668
A039,A,GTE,2022-03-31,2022-04-04,2022-04-05,16.700000762939453,-0.08982041228423832,0.02994011839266486,-0.10778449474108609,0.017964025350603707,0.09580828748653714,-0.10778449474108609,0.965034965034965,0.06557402063588627,0.19672081118724385,0.018633492543629337,0.7999992370605465
A040,A,AMC,2022-04-29,2022-05-04,2022-05-05,156.8000030517578,-0.3386479915181375,0.007015247597689678,-0.3679847159096715,-0.1862245153655906,0.007015247597689678,-0.3813775630604965,0.0070921985815602835,-0.24520646924644277,0.3143665302873511,0.03285151182821844,0.8455277492795497
A041,A,PANW,2022-05-31,2022-06-02,2022-06-03,85.01333618164062,0.011900078148641802,0.048502145049192036,-0.015330972241616836,-0.08581013433884344,0.048502145049192036,-0.0986708269361174,0.19718309859154928,-0.16817398749712645,0.5760204182912246,0.03714840982167855,0.8161870624099695
A042,A,IRTC,2022-05-31,2022-06-03,2022-06-06,146.02999877929688,-0.07888792966349156,0.049174825829536584,-0.10648499063031136,-0.25939873704079175,0.049174825829536584,-0.2944600449184982,0.8732394366197183,-0.647193322148977,0.24684934052954458,0.019543741516494295,0.9099283061629773
A043,A,PECO,2022-06-30,2022-07-05,2022-07-06,29.604009705665863,0.02869680970671573,0.03689589431323159,-0.01991201661744324,0.009668558597550225,0.03689589431323159,-0.03598495927137679,0.16428571428571428,0.16242600559149933,0.5267785968531687,0.017862413557472534,1.0
A044,A,APA,2022-11-30,2022-12-02,2022-12-05,42.08991397178338,-0.12918657828128033,0.009985428443595623,-0.13126692548710628,-0.08903683015604136,0.009985428443595623,-0.13126692548710628,0.5109489051094891,-0.4173777232082053,0.39587021258214267,0.01991777464809452,0.7731093245114621
A045,A,AMR,2023-01-31,2023-02-02,2023-02-03,162.16518640812373,-0.04389214176089018,0.025517416500022483,-0.0655025763278343,0.05488079898806464,0.08107578634238122,-0.0655025763278343,0.45985401459854014,-0.10633227887565144,0.08861145024664906,0.003996367535599843,0.8505539054911957
A046,A,FLNC,2023-02-28,2023-03-02,2023-03-03,19.209999084472656,0.01769912383091743,0.12493501510985561,-0.036959870812619866,-0.14992187912671429,0.12493501510985561,-0.17022382404653413,0.9084507042253521,-0.16352711695894617,0.07330611233458859,0.0068170461560372875,0.8041249884477485
A047,A,BBIO,2023-05-31,2023-06-02,2023-06-05,14.100000381469728,0.13475174234940157,0.18475173558575397,-0.0056737533008291985,0.06453899452428624,0.21914894106306404,-0.0056737533008291985,0.3722627737226277,0.024426547715948318,0.09770386141999265,0.005641743440361946,0.9298247081676256
A048,A,AMLX,2023-05-31,2023-06-05,2023-06-06,25.309999465942383,-0.018964818347081636,0.0446464279715133,-0.020150147753582592,-0.03476883363631611,0.0446464279715133,-0.08613197752569024,0.029197080291970802,0.04195167156233971,0.048942283245529516,0.002777765583529934,0.8600006103515625
A049,A,FDMT,2023-06-30,2023-07-06,2023-07-07,18.049999237060547,0.06537398088931701,0.13407203205444795,-0.01385041609789639,-0.0011079529784121522,0.13407203205444795,-0.014293597289261162,0.7708333333333334,-0.6010680924506342,0.007420768470610991,0.0005531100068605355,0.7948716694706366
A050,A,FSLY,2023-08-31,2023-09-05,2023-09-06,23.8799991607666,-0.044388588911003724,0.010343452957696453,-0.05318252073063612,-0.17587935524265697,0.010343452957696453,-0.1968173794290845,0.8455882352941176,-0.24343666589305535,0.17040690431120414,0.008823571367779115,0.7522931926911876
A051,A,RIOT,2023-08-31,2023-09-07,2023-09-08,11.300000190734863,-0.02920353257840025,0.003539819573261882,-0.10752213558227175,-0.15221241044217637,0.025663713005138256,-0.17522127986635716,0.7867647058823529,-0.25684879465731836,0.2758751017111792,0.026149680600802805,0.8469390932693918
A052,A,ACHR,2023-11-30,2023-12-07,2023-12-08,6.21999979019165,0.10932481159373619,0.12781352140036795,-0.030546557362093774,0.03376206514960378,0.12781352140036795,-0.030546557362093774,0.8623188405797102,-0.7734954026430929,0.15469883464120845,0.00969304397817461,0.7843140921475094
A053,A,BHVN,2024-01-31,2024-02-02,2024-02-05,44.790000915527344,0.08394727047727568,0.09243133076635468,-0.011833056109860518,0.10515737861572227,0.12145564892862293,-0.011833056109860518,0.9574468085106383,-0.36008065186603233,0.2766931578213007,0.0165683050268548,0.8613867743342694
A054,A,COIN,2024-01-31,2024-02-02,2024-02-05,128.6999969482422,0.10326347210611497,0.12315467349925302,-0.11025637256012011,0.4010101152613619,0.5045843355188457,-0.11025637256012011,0.75177304964539,-0.2926534470857301,0.2382296329438114,0.01828210927445184,0.8013093235161839
A055,A,IRON,2024-01-31,2024-02-02,2024-02-05,66.5999984741211,0.025375412614505377,0.055105078874309266,-0.028978984225138116,-0.010210215026356328,0.055105078874309266,-0.028978984225138116,0.8156028368794326,-0.14236469701312326,0.06101344157705283,0.0031208066817576263,0.935221221443839
A056,A,DELL,2024-03-28,2024-04-02,2024-04-03,113.39532803808571,0.05042871304263463,0.15595552909836718,-0.0011036357280546083,0.02793102952879889,0.15595552909836718,-0.01791328038208917,0.785234899328859,-0.20650383341208367,0.17073219422168875,0.008944569871514929,0.8994258228447501
A057,A,ROOT,2024-03-28,2024-04-02,2024-04-03,61.400001525878906,0.3073289030658113,0.4004885297523393,-0.003094502226130502,0.0071661012341104335,0.4004885297523393,-0.017263865585479543,1.0,-0.45001382095649456,0.5903719785105963,0.07034485915611532,0.9518528575307628
A058,A,OUST,2024-04-30,2024-05-02,2024-05-03,9.949999809265137,0.04020106330375239,0.057286498434680144,-0.07437183771894129,0.17185930361070678,0.4241206379822511,-0.07437183771894129,0.38461538461538464,-0.2719679509086515,0.02590106265868585,0.0020854539907342318,0.7812495809050662
A059,A,CATX,2024-06-28,2024-07-03,2024-07-05,10.65999984741211,0.12007502357346955,0.16135087163686657,-0.048780441982425926,0.11538466355693688,0.2232645542690792,-0.048780441982425926,0.8333333333333334,-0.4081630048479133,0.08698568394252827,0.012241065521826355,0.8709678411732017
A060,A,WGS,2024-08-30,2024-09-06,2024-09-09,33.33000183105469,0.13621352689515942,0.16861682037618198,-0.03660369497989069,0.21212119131169271,0.299729892437675,-0.03660369497989069,0.9863013698630136,0.13818593738287976,0.1633110889190997,0.011963289036816871,0.8190258629311558
A061,A,ALT,2024-09-30,2024-10-02,2024-10-03,6.21999979019165,-0.017684832859754307,0.04421223547323594,-0.02974275707714147,0.10289394934256646,0.16398714072867926,-0.04823146688377322,0.10457516339869281,-0.4271808713376366,0.09934469714590297,0.008038616144924848,0.8181818181818182
A062,A,LTBR,2025-02-28,2025-03-04,2025-03-05,10.81999969482422,-0.2338262296052953,0.007393708499300544,-0.30499074001603454,-0.1487984937233775,0.007393708499300544,-0.30499074001603454,0.9808917197452229,-0.48828598585024735,0.754623839074892,0.16381153190316233,0.7699999809265128
A063,A,QBTS,2025-04-30,2025-05-06,2025-05-07,7.119999885559082,0.5070224318400784,0.6629213964738963,-0.04213479195500691,1.3258426590047687,1.470505679117251,-0.04213479195500691,1.0,-1.0370901016193748,0.1872525988655843,0.018309875519307628,0.9459459807770129
A064,A,QBTS,2025-05-30,2025-06-03,2025-06-04,17.420000076293945,-0.02812857456786022,0.087830119399805,-0.07634901939615879,-0.10734786896493054,0.087830119399805,-0.14810562068923605,1.0,0.1488334825218351,0.20836728844363558,0.022260782144173152,0.980391716874792
A065,A,APPS,2025-06-30,2025-07-03,2025-07-07,6.03000020980835,-0.15754564727162568,0.03648420937594676,-0.1641791398854341,-0.10945278628277932,0.03648420937594676,-0.16583747350015143,0.5432098765432098,-0.16666650661715862,0.23611121551122127,0.02901025126632395,0.7551023982950648
A066,A,GRRR,2025-06-30,2025-07-07,2025-07-08,21.174999237060547,-0.05218415971899326,0.16646997180096412,-0.07971663689070907,-0.15608021331319488,0.16646997180096412,-0.15608021331319488,0.8950617283950617,-0.46868525585259996,0.0018051096586899904,-0.0002379986177737381,0.9292932212043274
A067,A,WGS,2025-07-31,2025-08-06,2025-08-07,107.79000091552734,0.14212820822619876,0.14314871670952045,-0.04471657532131901,0.11596622964866632,0.1833194356470591,-0.04471657532131901,0.345679012345679,-0.5397954427895445,0.16110838105718217,-0.009080707952390354,0.7825108924169619
A068,A,LASR,2025-11-28,2025-12-05,2025-12-08,36.5,-0.010410988167540713,0.05849310469953983,-0.038082175058861356,0.03315065984856602,0.05849310469953983,-0.06068493568733946,0.7965116279069767,-0.016131028377675372,0.0,0.0,0.946233295323093
A069,A,NVTS,2026-01-30,2026-02-03,2026-02-04,9.020000457763672,-0.025498945037489285,0.028824751886097122,-0.1851441760952135,-0.10310424146102048,0.028824751886097122,-0.1851441760952135,0.5953757225433526,0.18532117767920225,0.12679845573126766,0.014574003736436136,0.934426357655652
A070,A,TMC,2026-01-30,2026-02-03,2026-02-04,7.199999809265137,-0.11111107431811951,0.0,-0.21805551894652897,-0.18055552060221358,0.0,-0.22499999006589222,0.4277456647398844,-0.15452289645838033,0.2496137352678121,0.030390744252421387,0.878504531291222
A071,A,BIOA,2026-01-30,2026-02-04,2026-02-05,20.07999992370605,-0.004482079329175437,0.07071713554229264,-0.03834663648851022,0.002988021223623294,0.1205179325442598,-0.05229079885707244,0.9595375722543352,-0.2695550122125906,0.07943632060433355,-0.007389144047671881,0.7928389079497264
A072,A,CDE,2026-03-31,2026-04-02,2026-04-06,19.11852939398363,0.05747132447875103,0.09143161967437718,-0.048066869138524426,0.06478585083058164,0.12173462039625793,-0.048066869138524426,0.3352272727272727,-0.6762981474903906,0.7944851125113097,0.0676734367234395,0.9166671761082509
A073,A,NBIS,2026-03-31,2026-04-02,2026-04-06,108.66000366210938,0.3341615712760677,0.37879626610450967,-0.01113571390656154,0.44616228689162507,0.5526412757953709,-0.01113571390656154,0.45454545454545453,0.09902712557341292,1.293610719246154,0.1287210409845898,0.9890368499255282
A074,A,NVTS,2026-03-31,2026-04-02,2026-04-06,8.789999961853027,0.08532423245220255,0.13936295640341312,-0.05802050410638704,0.4015926903629965,0.4641638158603525,-0.05802050410638704,0.09090909090909091,-0.5168830615632753,0.7640882835990533,0.08374388112801823,0.8021394956028959
A075,A,STOK,2026-03-31,2026-04-02,2026-04-06,32.959999084472656,0.041565618465913,0.1016384217800701,-0.03428395607264878,0.13076460840441717,0.13319173275452378,-0.03428395607264878,0.6534090909090909,-0.6593226773638904,0.6834447998070109,0.05476806420095981,0.90841736726133
A076,A,TTMI,2026-03-31,2026-04-02,2026-04-06,97.16999816894533,0.25028301073485704,0.2674694451262245,-0.02902130027749117,0.2991664118824149,0.30400330834798805,-0.02902130027749117,0.6875,-0.5031444200516866,0.9305609054292437,0.08035021312501023,0.9250895387529529
A077,A,HUT,2026-04-30,2026-05-04,2026-05-05,79.77999877929688,0.2808975182376765,0.3954625662384079,-0.034820756084676496,0.2058159741813177,0.40711962714848093,-0.034820756084676496,0.7456647398843931,-0.18960275115658237,0.08364939878279865,0.005796787241505452,0.8760338047588122
A078,A,TYRA,2026-04-30,2026-05-04,2026-05-05,35.0,-0.028285762241908485,0.015285709926060376,-0.07828576224190853,0.018857138497488934,0.06485715593610486,-0.07828576224190853,0.7745664739884393,-0.25663610684994764,0.5227756431924525,0.032314877924087604,0.7853403768761421
A079,A,PRAX,2026-07-31,2026-08-05,2026-08-06,350.4700012207031,0.10231969990772538,0.10326134138543908,-0.019231290013123292,0.10192028161123279,0.11978203794935327,-0.019231290013123292,0.7471910112359551,0.340035606535924,0.2331201330817615,0.013428606305803559,0.8840939972238959
B001,B,CYTK,2020-03-31,2020-04-06,2020-04-07,12.670000076293944,0.06945541508617925,0.17206000726508663,-0.05682717148328631,0.18547753491072738,0.2320441643788269,-0.05682717148328631,0.3277310924369748,0.13249037825578852,0.054200635392350996,0.007275679338765162,0.7260274867400002
B002,B,TSLA,2020-04-30,2020-05-06,2020-05-07,51.81399917602539,0.017691511035816232,0.08502208944903478,-0.017897360685028785,0.04934317691238621,0.08502208944903478,-0.017897360685028785,0.9741379310344828,-0.3109003387451907,0.11568425208434037,0.007830028486429885,0.748345612432538
B003,B,NIU,2020-07-31,2020-08-04,2020-08-05,22.6200008392334,-0.09725909289639145,0.0035366896877959686,-0.10079578258418742,-0.10963754896434419,0.0035366896877959686,-0.16003539809577128,0.7931034482758621,0.08984294097876085,0.06488603959108001,-0.005777740478515647,0.7338136011855755
B004,B,NEGG,2021-05-28,2021-06-02,2021-06-03,201.6000061035156,0.027777731523733973,0.0793650769622718,-0.04563497980405451,0.02182536588925066,0.11111107747180649,-0.04563497980405451,0.4925373134328358,-0.11740532984923609,0.0821838204676234,-0.013409976105525967,0.7407405314295644
B005,B,CLF,2021-06-30,2021-07-02,2021-07-06,22.229999542236328,0.038236635131492,0.05488084776543345,-0.0998650184016674,-0.133603210729338,0.05488084776543345,-0.16734140305700873,0.6834532374100719,0.08525814625901848,0.0994680631575652,0.006297854245614021,0.7123298408799972
B006,B,CYH,2021-06-30,2021-07-02,2021-07-06,15.760000228881836,0.020939081149332406,0.03172588786411934,-0.0666243766171164,-0.09708126043308185,0.03172588786411934,-0.11802034158241448,0.7913669064748201,-0.4091469652382823,0.04813473456522206,-0.0025429092827131683,0.7169799098507409
B007,B,NOV,2022-11-30,2022-12-02,2022-12-05,21.110369199257825,-0.15798156416300335,0.0021805161969083997,-0.15973034442905343,-0.1321874516112017,0.0021805161969083997,-0.16147902394846414,0.4744525547445255,-0.6838668945402392,0.5998805392791077,0.02267573774604137,0.7462685717376544
B008,B,IMVT,2023-01-31,2023-02-02,2023-02-03,16.399999618530273,0.13231708090054295,0.17621959537923848,-0.06646336733337421,0.09085364669366336,0.17621959537923848,-0.06646336733337421,0.9927007299270073,-0.16286549582709306,0.040717538868241934,0.0027412908463053665,0.7375008940705243
B009,B,VRDN,2023-01-31,2023-02-02,2023-02-03,36.77000045776367,-0.05656790332227235,0.03345117016381827,-0.11952679910385222,-0.10633668204337887,0.03345117016381827,-0.12727767873028784,0.948905109489051,-0.2872697328858839,0.13875352757598697,-0.007226992862758741,0.7249073267854661
B010,B,FDMT,2023-05-31,2023-06-02,2023-06-05,18.26000022888184,0.2031762890454154,0.21796273233015406,-0.003833499120854511,0.12431546710351116,0.3198247579072184,-0.003833499120854511,0.6715328467153284,-0.3161730187231013,0.09728483837866869,0.006578993461579419,0.7058824849375612
B011,B,AMSC,2024-01-31,2024-02-02,2024-02-05,11.0,0.028181856328790778,0.0336363532326438,-0.0736364017833363,0.2981817939064719,0.3318181471391155,-0.0736364017833363,0.8368794326241135,-0.25087806941485646,0.08028090565084502,-0.007111104329427187,0.7142849357769131
B012,B,AAOI,2024-04-30,2024-05-02,2024-05-03,10.600000381469728,-0.005660416741266383,0.17358482383926566,-0.016981160254527006,0.0594338809522994,0.17358482383926566,-0.07547171339100855,0.20279720279720279,-0.019505060334166945,0.13003952292219967,0.009756134777534564,0.7142859089131807
B013,B,NVAX,2024-06-28,2024-07-02,2024-07-03,12.979999542236328,-0.08012326645073564,0.017719607397691517,-0.10015402795896955,0.22110947152922056,0.30508483293359334,-0.10015402795896955,0.9,-0.47037813064079353,0.10717495082500791,0.014073518820378661,0.7368426336148626
B014,B,SMCI,2024-06-28,2024-07-03,2024-07-05,84.7300033569336,0.04947472615715265,0.10297413110402176,-0.022483256617686798,-0.053924230651723914,0.1369054409835786,-0.08642753907869727,0.84,-0.06616133251841531,0.1655687957912528,0.011717712317180995,0.7183516476564625
B015,B,CDE,2024-09-30,2024-10-02,2024-10-03,6.8722827338134636,-0.09738370186381329,0.030523260850852107,-0.12354646800264213,-0.05087206582350157,0.030523260850852107,-0.12354646800264213,0.7777777777777778,-0.34482692884274485,0.3448278027767263,0.021802339080283728,0.7333337571883171
B016,B,PPTA,2024-12-31,2025-01-03,2025-01-06,12.850000381469728,-0.14396889700777837,0.029571918247922824,-0.15369652317814453,-0.048249091115006415,0.029571918247922824,-0.15369652317814453,0.8012820512820513,-0.38443015457883084,0.11746451485636747,-0.009830175228074167,0.7368426336148657
B017,B,LUMN,2024-12-31,2025-01-08,2025-01-10,5.400000095367432,0.02407409484167289,0.09074069675267715,-0.048148189683345666,0.09629629106351545,0.13333329212518463,-0.048148189683345666,0.8333333333333334,-1.0249303930049445,0.027701464022109393,-0.0018083595845256317,0.7499994039544049
B018,B,CRMD,2025-01-31,2025-02-05,2025-02-06,10.720000267028809,-0.06716420234086118,0.01026116174787517,-0.08675375765018922,0.00932830459929912,0.05223875485010554,-0.08675375765018922,0.7483870967741936,0.1481479955253818,0.24691450325124698,0.01908404309880085,0.7368436903169426
B019,B,AGX,2025-03-31,2025-04-02,2025-04-03,126.03981670550233,0.11584415562340267,0.17109407313270797,-0.12637536322364062,0.16881477264636513,0.21109721471584963,-0.12637536322364062,0.4240506329113924,0.20614049187060773,0.7670616552649244,0.05399012973641515,0.7225433161845219
B020,B,QUBT,2025-04-30,2025-05-06,2025-05-07,7.085000038146973,0.24064924693380596,0.3493296214740804,-0.023288632457958536,0.6245589508694185,0.82921665044007,-0.023288632457958536,0.9871794871794872,-1.3430407638670994,0.08482356332781871,-0.008403353487606458,0.7142859089131788
B021,B,SRRK,2025-06-30,2025-07-07,2025-07-08,35.369998931884766,0.09103763974955648,0.0924512455898292,-0.0499292873526227,0.16256715220922957,0.24314397931931442,-0.0499292873526227,0.7160493827160493,-0.2386312784838726,0.14856409602720858,-0.008938539152060998,0.746031649919316
B022,B,AMLX,2025-07-31,2025-08-06,2025-08-07,8.0,0.03750002384185791,0.06124997138977051,-0.06499999761581421,0.0037499666213989258,0.06124997138977051,-0.06499999761581421,0.8148148148148148,-0.21739252327773545,0.11857602657698231,0.007380008007110472,0.7241353228922597
B023,B,VSTM,2025-09-30,2025-10-02,2025-10-03,9.010000228881836,0.025527140554231886,0.04994448366634319,-0.05771370083840777,0.05549389426175977,0.09877906404436199,-0.05771370083840777,0.5798816568047337,-0.12658216387505947,0.22151803229213834,0.015819139391402892,0.7241381578298272
B024,B,AEVA,2026-01-30,2026-02-03,2026-02-04,12.81999969482422,0.009360365711048146,0.11544465921541014,-0.12753504790391024,0.010920463857676532,0.11544465921541014,-0.12753504790391024,0.13872832369942195,-0.17959267525428751,0.016541353519012116,-0.002668688373840822,0.736401369778837
B025,B,AG,2026-03-31,2026-04-02,2026-04-06,21.573214681659735,-0.0476631343759214,0.07820453682699435,-0.07311428522192331,-0.005552994847454307,0.07820453682699435,-0.07311428522192331,0.7443181818181818,-0.5999998395975006,0.7882355702636392,0.06536586110184839,0.7431697634158009
B026,B,MXL,2026-05-29,2026-06-04,2026-06-05,91.4499969482422,-0.1132859590603924,0.0004374075107946851,-0.25893932307704637,-0.02941492511513355,0.03663210732977484,-0.25893932307704637,1.0,-0.6841736919676227,0.5339893210578648,0.06898901645907962,0.7167209455990707
