ticker,event_date,base_grade,base_actionable,operational_actionable,trend_status,failed_conditions,close,sma50,sma200,sma50_slope20,sma200_slope20,drawdown20,r5,mfe5,mae5,r10,mfe10,mae10
QNST,2019-01-17,A+,True,True,pass,,18.700000762939453,16.194399929046632,14.152749977111817,0.07347209242849173,0.02316678980895026,0.0,0.0127660472450275,0.0202128235923615,-0.0590424865983389,0.0489361762568767,0.0542553456998518,-0.0590424865983389
UPBD,2019-02-04,A+,True,True,pass,,12.540830612182615,11.076451168060302,9.800671763420105,0.07483946992143609,0.057976229425173775,0.0,-0.012643788666017,0.030459810245115,-0.0166670020232153,0.0327584031141054,0.0614939199519921,-0.0166670020232153
CDNA,2019-05-02,A+,True,False,rejected,price_above_sma50,28.3799991607666,31.217599906921386,25.482500023841858,0.022441730416215,0.060785186185984275,-0.07976656873054078,0.1487430945187167,0.2011173973108513,-0.0223463478801525,0.2053073042396949,0.2280027555327761,-0.0223463478801525
ROKU,2019-05-14,A+,True,True,pass,,82.83000183105469,65.31959991455078,54.93744998931885,0.0682493071066348,0.03548793457761179,-0.004087968562894284,0.0602540306787502,0.0604960666387215,-0.0247307765338844,0.1107078204107945,0.160919481873196,-0.0247307765338844
ROKU,2019-06-04,A+,True,True,pass,,93.5999984741211,71.43419967651367,57.65569995880127,0.11330998868949815,0.06537799082669626,-0.02276049627228638,0.0298046639828137,0.0691674770447758,-0.0083248218148298,0.072867380426691,0.0906474760348416,-0.0083248218148298
SE,2019-06-04,A+,True,True,pass,,28.729999542236328,25.12,17.130250000953673,0.07647608136480466,0.08019018039451264,-0.087936522468688,0.0531951284143021,0.0742659606863502,-0.0290155485475228,0.0797927255635706,0.1205526000620103,-0.0290155485475228
UPBD,2019-06-04,A+,True,True,pass,,17.18844223022461,16.11171073913574,12.4000381565094,0.08189529897477232,0.05719528935781115,-0.07296779194353675,-0.0004056133236083,0.0077079325354141,-0.0507098146823382,0.0466534276344416,0.0738339662819413,-0.0507098146823382
ENPH,2019-07-02,A+,True,True,pass,,18.559999465942383,15.165000038146973,8.67955000758171,0.26231936990483495,0.17074470188445612,-0.012765945790308875,0.0653454369774522,0.1071237274679757,-0.0058918377023058,0.0814140573943369,0.1071237274679757,-0.0058918377023058
ZS,2019-07-02,A+,True,True,pass,,78.95999908447266,73.03879959106445,53.55574993133545,0.05487947162625262,0.0663431144100568,-0.01151725338731091,0.0521727774425915,0.0800909050604974,-0.0083375900906544,0.0358766574849214,0.0800909050604974,-0.0083375900906544
GFI,2019-12-10,A+,True,True,pass,,4.662980556488037,4.408475933074951,3.915545862913132,0.027548484297974296,0.032906366231854944,-0.041118353155721654,-0.0134906347350246,0.0539629911485022,-0.0151769337441221,0.1129847888010433,0.1180438460222557,-0.0185497917457166
ROKU,2020-01-03,A+,True,False,rejected,price_above_sma50,137.50999450683594,143.28640060424806,112.04087518692016,0.07157579202704567,0.07038254803873478,-0.07300796884466665,-0.0576838465229589,0.0608396365707029,-0.059885430297085,-0.0431527217163394,0.0608396365707029,-0.0730954928563311
SE,2020-01-30,A+,True,True,pass,,45.59000015258789,39.47259994506836,32.998199949264524,0.1281108872554546,0.059692864474884866,0.0,0.0097173686675853,0.0492491078258581,-0.0103798016492164,0.0589664764934436,0.0689046561549062,-0.0103798016492164
MGNI,2020-02-04,A+,True,True,pass,,9.65999984741211,8.841600008010865,8.077849984169006,0.0807480778024412,0.049384881442854356,-0.10223051654935111,0.0325533771422015,0.0691760234438954,-0.0264496674363973,0.2970498574727414,0.3214648903293928,-0.0264496674363973
APPS,2020-02-19,A+,True,False,rejected,price_above_sma50;sma50_rising20,6.860000133514404,7.217800025939941,6.340350004434586,-0.07740880060611521,0.049127567926011695,-0.05117564102115968,-0.1021897546001038,0.030656940302284,-0.1386861054731787,0.0102190033045164,0.030656940302284,-0.2087591019339332
MRNA,2020-06-02,A+,True,False,rejected,drawdown20_within_limit,59.869998931884766,48.044799919128415,26.28799999713898,0.43099504527129007,0.22942807876744897,-0.2516250133514404,0.0125195834066567,0.1018953361394452,-0.0153016393514391,0.1187619234167165,0.1646671067951428,-0.0153016393514391
DQ,2020-08-03,A+,True,True,pass,,23.32200050354004,15.573520011901856,11.562200002670288,0.33412146022824585,0.10525027824168998,0.0,0.0035377205030504,0.0845687909109182,-0.0279649415432654,-0.0363038885846175,0.0845687909109182,-0.0772405523021128
ZM,2020-10-01,A+,True,True,pass,,482.989990234375,340.6433004760742,195.36922485351562,0.2559732369380654,0.22909981230835075,-0.035042871731362446,-0.0133091762453119,0.0463603161311609,-0.0242925595011126,0.1059680189149143,0.1134936389439038,-0.0242925595011126
SE,2020-10-13,A+,True,True,pass,,172.39999389648438,148.99019897460937,87.7168498802185,0.12488900685644255,0.15841328900272633,0.0,-0.0426276982471652,0.0149167573104087,-0.0714859810425088,-0.0115318974780977,0.0149167573104087,-0.0889845639361196
DKNG,2020-11-03,A+,True,False,rejected,price_above_sma50;drawdown20_within_limit,37.470001220703125,46.02080017089844,30.361825108528137,0.08539366610206112,0.11744420376020326,-0.2973935883331641,0.0235861095099638,0.1283287175787015,-0.0278975010298618,0.1820948579661385,0.1876743968705356,-0.0278975010298618
MRNA,2020-11-03,A+,True,False,rejected,sma50_rising20,69.08000183105469,68.45879966735839,53.99809982299805,-0.00368494694082655,0.10675317388393668,-0.11763953221063284,0.1026533522654113,0.1654341863240367,-0.0007394882055778,0.3505872100509335,0.496302669591139,-0.0007394882055778
NET,2020-11-03,A+,True,True,pass,,53.04999923706055,44.73819984436035,32.19255003929138,0.14985760673484716,0.12841098930293193,-0.13739838638925939,0.1134545759721235,0.3049090298739347,-0.0127272865988991,0.1992727106267755,0.3049090298739347,-0.0127272865988991
PDD,2020-12-02,A+,True,True,pass,,144.05999755859375,101.63740020751953,74.62814998626709,0.21932884551071252,0.1446667292916175,-0.04778898835605783,0.0191298633569145,0.1263812338817189,-0.0158149758056519,0.0046270590802808,0.1263812338817189,-0.0430248314657299
UPWK,2021-01-05,A+,True,True,pass,,34.650001525878906,31.62000015258789,17.811700031757354,0.2785055777029435,0.19264261479807332,-0.1442331417756817,0.228373647613933,0.2315455221636329,-0.0129758004319363,0.1473471904666887,0.2701845112292675,-0.0129758004319363
MRNA,2021-01-06,A+,True,False,rejected,drawdown20_within_limit,116.26000213623048,111.6013996887207,74.47842476844788,0.27847785378489465,0.16667534765664827,-0.3155539755182045,0.0329725156934614,0.0622814608823276,-0.0716902641110927,0.1072439418572792,0.1407160844345929,-0.0716902641110927
TGTX,2021-01-07,A+,True,True,pass,,53.68999862670898,37.03939998626709,24.54194993019104,0.30202196521988833,0.19239580157753378,-0.022040125055361903,-0.0710798977901727,0.0296333184710557,-0.0734388949609404,-0.1031992384865287,0.0296333184710557,-0.1509245243430884
AGNT,2021-01-12,A+,True,True,pass,,34.42110824584961,26.63993118286133,15.141263774633408,0.15194875578952138,0.23207073566615866,-0.07475492244359083,0.2255838392957283,0.2937897741626993,-0.0298567443616502,0.4389596384132892,0.5923565148918226,-0.0298567443616502
MARA,2021-02-01,A+,True,False,rejected,drawdown20_within_limit,20.739999771118164,12.374199986457825,4.3744499953091145,1.3349309228553494,0.8175378025853448,-0.2140962390755684,0.4992987662423356,0.4992987662423356,-0.050958400359534,1.0364657604605454,1.1159420108930207,-0.050958400359534
RIOT,2021-02-01,A+,True,False,rejected,drawdown20_within_limit,19.979999542236328,14.80730001449585,5.768675000667572,0.9350129972381649,0.5642570561145388,-0.30865052574514806,0.5948444439331793,0.6001946683110437,-0.0457197787512636,1.8939689467678087,1.980009854016393,-0.0457197787512636
DFTX,2021-02-02,A+,True,True,pass,,47.09999847412109,42.008700141906736,16.125150034427644,0.4702133430632418,0.34942163640343216,-0.13759961500300877,0.0211480202374869,0.1117824585396587,-0.036253836786281,0.223262814578059,0.3293050950985174,-0.036253836786281
NVAX,2021-03-01,A+,True,False,rejected,drawdown20_within_limit,240.2899932861328,184.5447998046875,121.4902498626709,0.5157758439580993,0.2575920931747786,-0.2489294571089371,-0.3006866218507752,0.0186046376444837,-0.3471096372551564,-0.0367220079119947,0.0186046376444837,-0.3471096372551564
LQDT,2021-06-01,A+,True,True,pass,,25.540000915527344,20.85560001373291,14.865949971675873,0.15666526492106025,0.14754661615623932,-0.09239511480151386,-0.0085569553165546,0.0606768350385964,-0.0824581488672677,-0.1267988501602884,0.0606768350385964,-0.1481913497322291
TDAY,2021-06-02,A+,True,False,rejected,sma50_rising20,5.269999980926514,4.958400001525879,3.4669999957084654,-0.04880294233262483,0.10658942550766448,0.0,0.0509804379889626,0.0647058686033112,-0.0176469955752315,0.1313725664358058,0.1411765255867552,-0.0176469955752315
BBW,2021-07-01,A+,True,True,pass,,14.58909797668457,10.81413766860962,5.875649476051331,0.4231481484072912,0.2617797377231541,-0.1082448385525493,-0.0301992387172556,0.0045584004093355,-0.1287748622682618,-0.1310539645329352,0.0598291344140722,-0.1350425518969623
PRTA,2021-08-02,A+,True,True,pass,,52.7400016784668,45.55580009460449,24.57785005569458,0.3266490018451742,0.20476851681775887,-0.1097231569181858,0.0848196838955137,0.1132826815859209,-0.031593944808787,0.0702087421133668,0.1347248267805352,-0.031593944808787
CLDX,2021-08-03,A+,True,True,pass,,44.88999938964844,34.44619995117188,25.126949968338014,0.180303039753835,0.11638368730571158,0.0,0.0520361809357485,0.0891402388846238,-0.0113122169993091,0.0287330415348892,0.0891402388846238,-0.0502262710946498
OCGN,2021-08-03,A+,True,False,rejected,price_above_sma50;sma50_rising20,7.050000190734863,7.561100034713745,5.6354200103878975,-0.1506481543836884,0.1343312421508822,-0.08441553696509863,0.2227011756091217,0.3433908520435969,-0.0258620441597793,0.0316091650841747,0.3433908520435969,-0.0258620441597793
AA,2022-02-02,A+,True,True,pass,,56.38706588745117,52.51262985229492,43.22256381034851,0.09184345423309459,0.06518626698004537,-0.0506652682877331,0.2208829072961622,0.2286927389051745,-0.0096774139228804,0.3215621784631841,0.323429761365134,-0.0096774139228804
DVN,2022-02-02,A+,True,True,pass,,42.82242202758789,36.47367637634277,27.16400972366333,0.08112920651400568,0.09289344598328486,0.0,-0.0151170126719324,0.0476192456540234,-0.0447844952738855,0.0175737137982141,0.0525321864613617,-0.0542326699177233
BCYC,2022-03-24,A+,True,False,rejected,price_above_sma50;sma50_rising20,42.09000015258789,46.111199951171876,44.493224983215335,-0.09544379481891929,0.03168688378464979,-0.11761007380759325,0.0324706133674173,0.0705882352941176,-0.0185882568359374,-0.1122353048885569,0.1249412087833179,-0.1171764598173253
OXY,2022-04-01,A+,True,True,pass,,54.205448150634766,43.95657398223877,31.61369828224182,0.2695282420725664,0.09569471850787714,-0.046752081048962,0.0526314974078101,0.0575710459794891,-0.0614889578392684,0.0453071795357185,0.0732410750265173,-0.0614889578392684
RES,2022-04-01,A+,True,True,pass,,9.992379188537598,7.824076509475708,5.137076613903045,0.32361399087872766,0.09658427094528843,-0.04741362734032262,0.031690240603144,0.068662081037657,-0.0906689041589682,0.098591485693587,0.1364436244306937,-0.0906689041589682
SD,2022-04-01,A+,True,True,pass,,11.774126052856444,9.448226623535156,7.591958962678909,0.1577480364089079,0.09847165016517123,-0.024432593954754278,0.025324107573341,0.0415196125086543,-0.0594227900653761,0.1654892018794438,0.2073030587776472,-0.0594227900653761
AMR,2022-08-01,A+,True,False,rejected,price_above_sma50;sma50_rising20,128.87628173828125,138.07765274047853,98.83587076187133,-0.05449509439486244,0.07999520982263442,-0.07771420422177089,0.0515779165189282,0.0568622778775622,-0.0621463651730829,0.1207204525730702,0.1393644610359325,-0.0621463651730829
TMDX,2022-09-01,A+,True,True,pass,,51.90999984741211,40.196499824523926,26.40042495250702,0.260034914684236,0.08333769139749059,-0.02479804069464331,0.0138625055896615,0.0634257531763367,-0.0488036403773464,-0.050892523982935,0.0712115459716296,-0.0753133234858218
SGML,2022-09-07,A+,True,True,pass,,23.59000015258789,18.792199935913086,14.223500003814697,0.14917323123240678,0.1059189424465945,-0.056399993896484424,0.2039199912570573,0.2197664953446534,-0.0229357484386864,0.1296914374361797,0.2301918500057189,-0.0229357484386864
RYTM,2022-10-04,A+,True,False,rejected,drawdown20_within_limit,24.84000015258789,22.055799961090088,11.168900014162064,0.42073665199544896,0.1465159708613235,-0.19481361927281482,-0.0477153387391076,0.0788516295606496,-0.08127781100234,-0.0432672751569108,0.0788516295606496,-0.111200972539578
WFRD,2023-03-02,A+,False,False,pass,,66.12406158447266,55.11819915771484,36.601930980682376,0.17064922840017305,0.08709636808607235,-0.002194776767463602,-0.064909989726635,0.0448113188216858,-0.0677386695706397,-0.1877326899737521,0.0448113188216858,-0.2338842745931463
PTGX,2023-05-01,A+,True,True,pass,,23.549999237060547,20.78150001525879,12.634575011730194,0.15302244230411421,0.11342611454039142,-0.019567077924480758,0.0626599010260007,0.1116794945216976,-0.0225915942020501,0.106990636267463,0.1172208059385699,-0.0225915942020501
AXSM,2023-06-02,A+,True,True,pass,,74.12000274658203,69.83260002136231,63.71499988555908,0.06948073232550245,0.05473305642342052,-0.07604086738092453,-0.0018949566168529,0.0383053862515372,-0.0102868778436612,0.1505143903625088,0.164861948537935,-0.0102868778436612
PRTA,2023-06-02,A+,True,True,pass,,69.01000213623047,59.926900177001954,53.26532497406006,0.16080038411519837,0.08178698508825821,-0.12189839226447896,0.0122341435055033,0.0771627765572031,-0.0088698096007246,-0.0033498885037275,0.1233613914877029,-0.0088698096007246
TMDX,2023-06-05,A+,True,False,rejected,sma50_rising20,74.76000213623047,74.63190048217774,62.19065008163452,-0.018467539413292267,0.05445725894317155,-0.044905772227756824,0.1005773833892091,0.1038001289221153,0.0,0.0789579314762156,0.1482476263537129,0.0
VKTX,2023-06-05,A+,True,True,pass,,23.06999969482422,20.123099975585937,9.710674995183945,0.3024828820589269,0.24655648376868355,-0.06390751607567113,0.0297180649008284,0.1093275722852056,-0.0065075758566228,-0.053796087295502,0.1093275722852056,-0.1004337832248973
AI,2023-07-03,A+,True,False,rejected,drawdown20_within_limit,37.47999954223633,29.601999855041505,20.007949953079223,0.22341524542895863,0.11521750525993246,-0.19171877494988532,0.1076389621210942,0.1372864154081172,-0.0336538025574161,0.0846688595063454,0.1372864154081172,-0.0336538025574161
AAOI,2023-08-02,A+,True,False,rejected,drawdown20_within_limit,7.389999866485596,5.397100031375885,3.0684250104427337,0.8611973315904577,0.20067890970141655,-0.30675422399000873,0.5937089993481768,0.726081242301392,-0.1480996195926948,0.7077325737269604,1.0838793420772226,-0.1480996195926948
ANF,2023-08-29,A+,True,True,pass,,51.31999969482422,39.3965998840332,29.49199996948242,0.1346881557623325,0.09566648423488289,0.0,0.0704828444093741,0.0794392127700849,-0.0021417564066265,-0.0140187151897737,0.0809968808017043,-0.0151868919397883
ANF,2023-09-05,A+,False,False,pass,,54.84999847412109,40.75879981994629,30.188199977874756,0.13608945426144525,0.10308362917421987,0.0,-0.0510259921711079,0.0081714320943013,-0.0539313825524184,-0.0815325565398817,0.0081714320943013,-0.0895224320409634
XPO,2023-11-07,A+,True,True,pass,,81.12000274658203,73.52660064697265,54.5243001461029,0.022378521890346725,0.07719449903689579,0.0,0.0659300546075456,0.0815224019451819,-0.0155923473376362,0.0926949457905506,0.0976059530448918,-0.0155923473376362
SPOT,2023-12-12,A+,True,True,pass,,199.0,170.86759979248046,151.54004970550537,0.07218980956417909,0.04478603366998124,-0.0016054952461356242,-0.0411516544346668,0.0166314816980024,-0.0494925429206142,-0.0439654296661612,0.0166314816980024,-0.0553211211399237
ANF,2024-01-17,A+,True,True,pass,,99.47000122070312,81.76839996337891,50.590950050354,0.18683813256921478,0.15128706690235982,0.0,0.0189450743696695,0.0550403489149016,-0.0476617682287486,0.0160534509487904,0.0569348791738679,-0.0476617682287486
NVDA,2024-01-23,A+,True,True,pass,,59.69996643066406,49.876432266235355,42.51612903594971,0.08169434192542835,0.06740659100103996,0.0,0.0409591446625183,0.0528820982463327,-0.0060692677760056,0.1313181065909745,0.1567061140017094,-0.0060692677760056
UPST,2024-02-02,A+,True,False,rejected,price_above_sma50,32.70000076293945,35.1988000869751,32.35135004043579,0.10809313195230796,0.05904892565604025,-0.09267480765098701,0.0694006533120175,0.1148264764051352,-0.0264984268886813,-0.1738170377372226,0.165930542427074,-0.2018927877554237
COIN,2024-03-01,A+,True,True,pass,,205.7700042724609,152.55760116577147,101.66200019836425,0.0823495409944115,0.1147308032237504,0.0,0.1804590636077212,0.2445374145663283,-0.0236441391236011,0.1148626951138955,0.2495974730170576,-0.0236441391236011
DFTX,2024-04-01,A+,True,True,pass,,9.520000457763672,6.201700019836426,4.240524998903274,0.47874294473238566,0.14420917138760792,-0.08724830496510427,0.1684550107196269,0.3111588698672467,-0.0372317739734495,0.0493562288851177,0.3111588698672467,-0.0372317739734495
APP,2024-05-02,A+,True,True,pass,,72.47000122070312,68.00979957580566,46.823374853134155,0.17064916453508383,0.1095619348833119,-0.07374740287075476,0.1601370197452911,0.2123287671232876,-0.0068493150684931,0.1401370322867616,0.2123287671232876,-0.0068493150684931
VRT,2024-05-06,A+,True,True,pass,,96.97106170654295,79.62744445800782,52.202306432724,0.14669140487138854,0.1319900354649559,0.0,-0.0114702102030853,0.0458601423053828,-0.0225234451390969,0.035662117357073,0.0923878776726427,-0.0291971843894323
WGS,2024-06-03,A+,True,True,pass,,21.450000762939453,15.096599979400635,6.775349989533424,0.4597793432388362,0.26385741298565524,-0.10699415677960789,0.2101791298840645,0.3450989722518518,-0.004241289137613,0.3072573359444177,0.3718191117957112,-0.004241289137613
AMSC,2024-07-02,A+,True,True,pass,,24.09000015258789,17.98720006942749,12.301050007343292,0.3167789197885744,0.13748526373161707,-0.08542141180583629,0.1353477019211959,0.2061258101692316,-0.00248342161926,0.2003311334087747,0.353476861318859,-0.00248342161926
NVAX,2024-07-02,A+,True,False,rejected,drawdown20_within_limit,12.970000267028809,11.9075999212265,7.03929998755455,0.5641961970755092,0.10735663063131717,-0.381497344219319,-0.0801232664507356,0.0177196073976915,-0.1001540279589695,0.2211094715292205,0.3050848329335933,-0.1001540279589695
ROOT,2024-07-02,A+,True,False,rejected,price_above_sma50;sma50_rising20,53.77000045776367,55.13610008239746,29.615475053787232,-0.1070223694600062,0.14166279664983739,0.0,0.1507154169982933,0.2637055986724486,-0.0243449422014184,0.4757480326236361,0.5439509331120747,-0.0243449422014184
ASTS,2024-09-03,A+,True,False,rejected,drawdown20_within_limit,29.40999984741211,19.625399932861328,8.105724979639053,0.6511218935167975,0.437459263782044,-0.2380828753884615,-0.1838074149058075,0.1422319842751953,-0.2381994056393961,-0.1247264707616688,0.1422319842751953,-0.2641450114426013
CVNA,2024-10-02,A+,True,True,pass,,35.38999938964844,29.80675998687744,20.156799993515016,0.07968123799954929,0.13745530682389706,0.0,0.0806800476772109,0.1001251792477251,-0.0105185053925328,0.0996134224513856,0.1096771052111895,-0.0105185053925328
TPC,2024-10-29,A+,True,True,pass,,26.487939834594727,25.072460327148438,18.60867516040802,0.09686195544803922,0.1087370854291192,-0.13307233899956517,0.0331699492151003,0.0508857160670814,-0.0376931649377796,0.1017715096507922,0.3022990175549522,-0.0376931649377796
HOOD,2024-12-03,A+,True,True,pass,,38.63999938964844,28.748399963378905,21.903974957466126,0.22183877163971855,0.1150082665622123,0.0,-0.0648310413798681,0.0703378599481907,-0.069086410100669,0.0420525725429841,0.0971214266337288,-0.1083855256160974
TPC,2025-01-03,A+,True,False,rejected,price_above_sma50;sma50_rising20,24.694175720214844,26.922630195617675,22.4559539937973,-0.023360226376096027,0.06713518468143875,-0.08830020971364061,-0.052360171489222,0.0408568315767969,-0.071003540266386,0.087266970901493,0.0896469576929572,-0.071003540266386
IONQ,2025-02-03,A+,True,False,rejected,drawdown20_within_limit,41.470001220703125,37.86220020294189,16.7142000746727,0.2711066673103726,0.2256597933535307,-0.18797725732303117,-0.0195750705841941,0.0644545429047358,-0.0646932232981204,-0.189782785361033,0.0644545429047358,-0.2165194515869468
QBTS,2025-02-03,A+,True,False,rejected,drawdown20_within_limit,5.760000228881836,5.699599969387054,2.2855199921131133,0.5300200333005511,0.23486887092086817,-0.4358471883093914,-0.0185185408173005,0.1212120847232052,-0.069023542670463,0.0168350006177209,0.1447811658636295,-0.106060624305064
LTBR,2025-04-02,A+,True,False,rejected,price_above_sma50;drawdown20_within_limit,7.900000095367432,9.611799993515014,5.73114999294281,0.15235583264702623,0.11490127370131975,-0.2028254069619958,0.0604781744393692,0.113924040445716,-0.1420534753749157,0.021097059430474,0.1870603968908071,-0.1420534753749157
SEZL,2025-04-02,A+,True,False,rejected,price_above_sma50;sma50_rising20,37.18999862670898,42.31773338317871,35.10134585380554,-0.03978640040347081,0.07731800657737309,-0.11770992923224832,0.13643139328836,0.1861781369322925,-0.2594578243566549,0.2731606215968003,0.2761394263340702,-0.2594578243566549
SMR,2025-04-02,A+,True,False,rejected,price_above_sma50;sma50_rising20;drawdown20_within_limit,15.109999656677246,19.840799961090088,16.588999955654145,-0.0725130870201024,0.05488062728311527,-0.1996821859994341,0.1629253423576748,0.1976828684257503,-0.1976828684257502,0.0499637624487814,0.1976828684257503,-0.1976828684257502
IONQ,2025-05-06,A+,True,False,rejected,sma50_rising20,29.420000076293945,24.67699993133545,22.92000005245209,-0.15380184429000265,0.09157411365655199,-0.04851228966037535,0.1445306341880072,0.1748492307421363,-0.031524514046662,0.2165375310030404,0.2399656210672227,-0.031524514046662
QBTS,2025-05-06,A+,True,True,pass,,7.230000019073486,7.111400003433228,4.090719991326332,0.05372807050547235,0.16653739040750715,-0.0859671101714492,0.5070224318400784,0.6629213964738963,-0.0421347919550069,1.3258426590047687,1.470505679117251,-0.0421347919550069
ADPT,2025-06-03,A+,True,True,pass,,9.9399995803833,8.390100030899047,6.656150012016297,0.07132733900527155,0.07817220345984488,0.0,0.0470470748545575,0.0719719598742716,-0.0210210253211514,0.0150150726367634,0.0880881015618302,-0.0210210253211514
GRRR,2025-06-03,A+,True,False,rejected,price_above_sma50;sma50_rising20,17.84000015258789,18.830600051879884,13.343849992752075,-0.19773515372371986,0.11974406048239228,-0.03148750929987776,0.1866964933783335,0.309614402113884,-0.0268306069654796,0.0313024814084144,0.309614402113884,-0.0268306069654796
ASST,2025-07-02,A+,True,False,rejected,price_above_sma50;drawdown20_within_limit,84.0,100.63199991226196,36.19099995136261,0.6085163496900665,0.24130101315460717,-0.4573643517828978,0.6141176111557904,1.4588235294117649,-0.0682353300206801,0.1999999999999999,1.4588235294117649,-0.0682353300206801
CRDO,2025-07-07,A+,True,True,pass,,92.7300033569336,67.34719947814942,55.92109977722168,0.3622557432860689,0.10415411841865141,-0.02440820221290141,0.0578777461935213,0.0777063211453283,-0.0203644315512495,0.0261521407524301,0.1184351024751131,-0.0230439598666056
RCAT,2025-08-01,A+,True,False,rejected,drawdown20_within_limit,8.199999809265137,8.000599985122681,7.24485000371933,0.1935137334094723,0.09117814225050624,-0.3284193461387086,0.1200480203071956,0.2496998730800292,0.0,0.0096038324656384,0.2496998730800292,-0.0516206281244855
WGS,2025-08-06,A+,True,True,pass,,105.8499984741211,81.89559982299805,81.074199924469,0.10560215429589492,0.05288741729924795,-0.0230733736521197,0.1421282082261987,0.1431487167095204,-0.044716575321319,0.1159662296486663,0.1833194356470591,-0.044716575321319
HSAI,2025-09-04,A+,True,True,pass,,26.40999984741211,22.691199989318847,17.310999989509583,0.09644218748716615,0.13125121523067862,-0.01565412141216016,0.0294225531940863,0.1195292363429385,-0.0606840598058657,0.0901066129999521,0.1195292363429385,-0.0606840598058657
NEGG,2025-10-01,A+,True,False,rejected,price_above_sma50;drawdown20_within_limit,43.45000076293945,57.6991996383667,21.49069993019104,0.1592283468674507,0.1681823362343824,-0.20999998612837356,0.1530232983966206,0.2639534528865368,-0.0069767264432685,0.0995348553324857,0.2639534528865368,-0.0069767264432685
VNET,2025-10-01,A+,True,True,pass,,10.760000228881836,8.619600038528443,7.616049998998642,0.10134927843377795,0.07980831255084642,-0.03324347544965567,-0.1270961685860521,0.0414828129032387,-0.1500441148025239,-0.1535745615917895,0.0414828129032387,-0.2612533149231262
TMC,2025-11-25,A+,True,False,rejected,price_above_sma50;drawdown20_within_limit,5.429999828338623,6.828699951171875,4.822174978852272,0.0330080959325767,0.0950218286388873,-0.23735956241349787,0.3960216089140436,0.4014466014402895,-0.0108499850524921,0.2386979466082091,0.4719710731448341,-0.0108499850524921
OKLO,2025-12-03,A+,True,False,rejected,price_above_sma50;drawdown20_within_limit,96.58999633789062,121.33139968872071,68.674349899292,0.03297337511977472,0.08502625851001455,-0.2032500728924026,0.0373272323353521,0.1784903790411776,-0.0244895846338429,-0.2169519507860801,0.1784903790411776,-0.2266446957733801
AEVA,2025-12-09,A+,True,False,rejected,sma50_above_sma200;sma50_rising20,15.15999984741211,14.269499969482421,14.756099988222122,-0.10345499759930954,0.05284525237785598,-0.04534006686650183,-0.0733641538850882,0.1454064634913872,-0.0997356122346392,-0.0812954716858637,0.1454064634913872,-0.1520158739813631
VSAT,2025-12-26,A+,True,False,rejected,price_above_sma50,34.810001373291016,35.72660015106201,22.242750039100645,0.03993037932087007,0.13167588652440632,-0.0904102180059091,0.1290323085855302,0.137536734641368,-0.0014662533518438,0.1853372427456425,0.2759530870522904,-0.0014662533518438
HYMC,2026-01-02,A+,True,True,pass,,24.399999618530277,12.435199937820435,6.248349992036819,0.5109231804479297,0.31631502712606063,-0.10095798941555012,0.0808764441611538,0.2083665124601916,-0.0027888324207315,0.3796812964863978,0.4302789235167648,-0.0027888324207315
OPEN,2026-02-24,A+,True,False,rejected,price_above_sma50;sma50_rising20,5.110000133514404,5.806500043869018,4.803250006139279,-0.1485071511175926,0.09243353621515138,-0.1204818960687033,-0.0330739456633839,0.0690661533647496,-0.0933852201443109,-0.0252917589456369,0.0690661533647496,-0.0933852201443109
DMRA,2026-03-02,A+,True,True,pass,,30.049999237060547,26.29690002441406,12.35267501115799,0.07934755372824709,0.2538807329906212,-0.06965944436984328,-0.0157804147681787,0.0566037612392071,-0.0934820040181916,-0.1430531777311974,0.0566037612392071,-0.2459691310505566
ALM,2026-04-02,A+,True,False,rejected,price_above_sma50;drawdown20_within_limit,15.359999656677246,15.652000064849853,8.664190024137497,0.26499208325918056,0.17221978774746627,-0.31059249626128005,0.1446862542743627,0.1747759613260029,-0.0115237072019567,0.499359811003973,0.5627400785053469,-0.0115237072019567
CIFR,2026-04-02,A+,True,False,rejected,price_above_sma50;sma50_rising20;drawdown20_within_limit,12.81999969482422,15.297400112152099,13.201699984073638,-0.06576198570799452,0.08568397639948544,-0.1926952391413399,0.2934273108003022,0.3521127580358816,-0.0070422656078543,0.5156495496052811,0.5164318908996559,-0.0070422656078543
LASR,2026-04-02,A+,True,False,rejected,drawdown20_within_limit,60.119998931884766,57.71329971313477,36.57922490119934,0.2002924115446485,0.1524527538100251,-0.16209060722111823,0.0830020226237584,0.1000662832082792,-0.0873094831755167,0.1668323325546361,0.1855201778270787,-0.0873094831755167
ONDS,2026-04-02,A+,True,False,rejected,price_above_sma50;sma50_rising20,9.600000381469728,10.284400024414062,7.38137501001358,-0.05782549804823278,0.13214745846121856,-0.1489361162474908,-0.0519210793414438,0.0768431736577528,-0.0664590172084239,0.0384215868288764,0.0934579032019589,-0.0934580022335587
WULF,2026-04-02,A+,True,False,rejected,price_above_sma50,14.880000114440918,15.194000034332275,11.582750027179719,0.06271070521665667,0.1057095685530316,-0.11743774758198888,0.2630523004840184,0.3527442872896082,-0.0026773736932061,0.3815261023667915,0.4042838106758544,-0.0026773736932061
AMPX,2026-04-06,A+,True,True,pass,,17.559999465942383,14.080000076293945,10.553250024318695,0.3028351582754292,0.16108855857957582,-0.0939112370298073,0.056289462999737,0.0620333103487413,-0.0947730978168581,0.1263642034589946,0.1596783866174898,-0.0947730978168581
NKTR,2026-04-09,A+,True,True,pass,,77.8499984741211,65.35700004577637,48.823999938964846,0.260336153592549,0.14888650313471508,0.0,0.0718478459617857,0.0800152704725492,-0.0236089645190317,0.164624826766206,0.391015813565484,-0.0236089645190317
VSAT,2026-04-10,A+,True,True,pass,,56.25,47.15319984436035,34.824649987220766,0.07572204206981548,0.1258890810480089,-0.0014202348385258246,0.1237260527657269,0.1525120459995332,-0.014661178086,0.1083497468304184,0.1618094582938938,-0.014661178086
TNGX,2026-05-04,A+,True,False,rejected,drawdown20_within_limit,22.709999084472656,19.694799919128418,11.501224975585938,0.30513843505905336,0.18728756925413714,-0.18221106553408029,0.0257754551472249,0.0736129933691924,-0.0231541631030608,-0.0987330838420152,0.1253823030039615,-0.1550022031585494
ABVX,2026-06-09,A+,True,False,rejected,price_above_sma50;sma50_rising20;drawdown20_within_limit,102.72000122070312,116.54860046386719,110.3190001296997,-0.0007381983949101834,0.04191645703158575,-0.2255146087684824,-0.0430856749037771,0.020021601018231,-0.060751815472433,-0.0920600383708601,0.020021601018231,-0.2659730948715103
ONDS,2026-07-28,A+,True,False,rejected,price_above_sma50;sma50_above_sma200;sma50_rising20;sma200_rising20,7.860000133514404,8.982900066375732,9.356900024414063,-0.10027042827859989,-0.00422758103352483,-0.04611646215521603,0.1388174058796716,0.1683804508292952,-0.1298200773321979,0.2519279573847333,0.2532133338130307,-0.1298200773321979
ONTO,2026-08-03,A+,True,False,rejected,price_above_sma50;sma50_rising20;drawdown20_within_limit,268.489990234375,293.02659912109374,221.81869987487792,-0.002138569576774163,0.07261519613619893,-0.16472751308133549,0.0295780436505526,0.1166866482850874,-0.080853784700425,0.2409357199405695,0.2503922001481986,-0.080853784700425
SKY,2019-01-10,A,True,False,rejected,price_above_sma50;sma50_above_sma200;sma50_rising20;sma200_rising20,15.43000030517578,19.513000011444092,25.908665556907653,-0.18723602711055176,-0.02652952154274657,-0.06541489453263327,0.0380577383475577,0.043963260259602,-0.0288713639758156,0.0629921920104368,0.0839895476292118,-0.0387139213549084
VNDA,2019-01-10,A,True,True,pass,,28.88999938964844,24.76859992980957,20.418000020980834,0.07567032260349227,0.03994397307239428,-0.0041365335500386236,0.0746164353862381,0.0829846281534762,-0.0230125467360263,0.039051566247112,0.0913528209207146,-0.0230125467360263
AXON,2019-01-30,A,True,False,rejected,sma50_above_sma200;sma50_rising20,49.7400016784668,46.246600036621096,57.665900173187254,-0.06312471785980589,0.014828423569944515,-0.010346133315400907,0.0501712232557098,0.0844247136113975,0.0,0.0820068427812101,0.0888575408523477,0.0
ARWR,2019-02-04,A,True,False,rejected,sma50_above_sma200,14.350000381469728,13.598000030517579,13.617950012683869,0.02080956479841989,0.055434134744574814,-0.04333330790201806,0.1766342101278752,0.1821974871146199,-0.115438096954191,0.2607787911322614,0.2702364813848146,-0.115438096954191
TCMD,2019-02-04,A,True,False,rejected,sma50_above_sma200,68.2300033569336,54.93559997558594,55.788499965667725,0.001363445812976094,0.05687660803759065,0.0,0.013772929544414,0.0302564460279304,-0.0186080094222184,0.0858608148036859,0.1056410122267055,-0.0186080094222184
MDB,2019-04-01,A,True,True,pass,,147.9499969482422,109.12499877929687,80.56509971618652,0.22581506759079106,0.11345353655649237,-0.04326178522899082,-0.0928518194181137,0.0099678530955849,-0.1021370013599251,-0.0114699796584206,0.0099678530955849,-0.1021370013599251
NTRA,2019-04-02,A,True,False,rejected,sma50_above_sma200,20.989999771118164,16.536199970245363,19.262824935913088,0.15911734843902692,0.036004759979608725,0.0,-0.0530303406594965,0.0170453924572853,-0.0591856037087814,-0.0232008361266988,0.0170453924572853,-0.0591856037087814
TBCH,2019-04-05,A,True,False,rejected,price_above_sma50;sma50_above_sma200;sma50_rising20;sma200_rising20;drawdown20_within_limit,12.0,14.59140007019043,18.931275019645692,-0.06866574832985861,-0.032964100331306034,-0.2615384615384615,0.0234899103338133,0.0612415719432857,-0.0276845571806954,-0.0729865671133093,0.0612415719432857,-0.1115771740934051
FRPT,2019-04-09,A,True,True,pass,,42.02000045776367,39.88720001220703,35.302299938201905,0.0701997250115729,0.05465946797259025,-0.037121882551378604,0.0216151990592468,0.0225653396050222,-0.0187647774219203,0.0244656206965729,0.0353919651418208,-0.0187647774219203
MDB,2019-04-30,A,True,True,pass,,140.9199981689453,127.52879898071289,88.98844972610473,0.16864880098314905,0.10455333686164181,-0.03894159806126074,-0.0566251420521127,0.0015500717901839,-0.086919584409682,-0.0562004707673439,0.0015500717901839,-0.1000849342569537
VKTX,2019-05-02,A,True,False,rejected,price_above_sma50;sma50_above_sma200;sma200_rising20;drawdown20_within_limit,8.149999618530273,8.769200019836425,10.61309996366501,0.03184054235043021,-0.013996050788013026,-0.233302019681218,0.0732919426842935,0.1080745173845345,-0.0062112036708286,0.0534160672438706,0.1080745173845345,-0.0248447554488862
CDNA,2019-06-04,A,True,False,rejected,sma50_rising20,33.43000030517578,30.550200042724608,27.472500038146972,-0.023162561201166554,0.07065609285694019,-0.031575902031679925,0.0627042109948072,0.1254085353535696,-0.0160475747708971,0.1473996689319052,0.1638037733419217,-0.0160475747708971
SBGI,2019-06-04,A,True,True,pass,,37.43764877319336,33.32014408111572,23.822290449142457,0.19321770623309487,0.0963956661463432,-0.11436678708166725,-0.0687956836942432,0.0198905140102763,-0.0835766603903594,-0.0315693969590145,0.0198905140102763,-0.0835766603903594
ROKU,2019-06-18,A,False,False,pass,,104.38999938964844,78.7579995727539,59.784549961090086,0.18712994951928086,0.073470963565899,-0.005525405585498744,-0.1039684801244631,0.0408378976886973,-0.1110790582539864,-0.10589023422102,0.0408378976886973,-0.160757215393416
QURE,2019-07-01,A,True,True,pass,,76.80000305175781,65.43200035095215,45.190700130462645,0.10838949175239398,0.0844327896425201,-0.06557974485389506,-0.0474019969559917,0.0080740036357607,-0.058210719721443,-0.093501760900799,0.0080740036357607,-0.1242349368640038
TTD,2019-07-02,A,True,True,pass,,23.42099952697754,21.972060012817384,16.75288498878479,0.08158107468383657,0.06455121127617236,-0.06800635459061943,0.0218514379639145,0.0565234075335998,-0.0233878341258706,0.0421236619010221,0.0655968875482395,-0.0233878341258706
AU,2019-07-09,A,True,True,pass,,14.971406936645508,11.828752613067627,10.362754344940186,0.12312954165455947,0.0778860240831043,-0.02404383400040777,-0.028914580030908,0.005455558204362,-0.0354611653207849,0.0180030068550485,0.0709216901785234,-0.0354611653207849
VCYT,2019-08-20,A,True,False,rejected,price_above_sma50,25.81999969482422,27.504000091552733,21.19520001888275,0.03337115820794945,0.082713526993613,-0.12799732649118445,-0.0076539939538579,0.0135859724832283,-0.0662074090241022,-0.0290852792170892,0.059318836364008,-0.0662074090241022
AGI,2019-09-04,A,True,True,pass,,6.8470988273620605,6.359775075912475,4.744491767883301,0.12374381975929083,0.06503321561717823,-0.030748675644941548,-0.0938374965839993,0.0014005923065596,-0.1120446618513549,-0.1246721953334691,0.0014005923065596,-0.144310942173116
AU,2019-09-04,A,True,True,pass,,19.22140884399414,16.48028326034546,12.18188063621521,0.159772551815214,0.08866075126051554,-0.024255177374499004,-0.1124942706348525,0.0026678286595376,-0.1240548985080999,-0.1507335771550827,0.0026678286595376,-0.1751889433929893
MDB,2019-10-02,A,True,False,rejected,price_above_sma50;sma50_rising20;drawdown20_within_limit,120.73999786376952,139.45760009765624,128.4329997253418,-0.07096518868272284,0.0379787257793045,-0.1974209259216435,0.1032401844701527,0.1476276449444604,-0.015870439288013,0.0040502384705995,0.159894207581958,-0.015870439288013
APPS,2019-10-04,A,True,False,rejected,price_above_sma50,6.46999979019165,6.573199987411499,4.286000000834465,0.09586209041976002,0.1256582315521142,-0.09001411129459547,0.0,0.020249238768851,-0.0607476420328533,0.0218068325267704,0.0373831414744636,-0.0607476420328533
B,2019-10-04,A,True,False,rejected,price_above_sma50,14.900686264038086,15.140423831939698,12.257060928344726,0.03108571490593648,0.03179476139800985,-0.05635301216585453,-0.0357344210340382,0.0328985403561545,-0.0385704529912173,-0.0249570663436579,0.0328985403561545,-0.0612590789911209
SNAP,2019-11-04,A,True,False,rejected,sma50_rising20,15.350000381469728,15.239000205993653,12.96350004196167,-0.05583573464937963,0.06927810324417605,0.0,-0.0607049197145651,0.0019582694022926,-0.0887728253112639,-0.041122723693902,0.0019582694022926,-0.1187989380599725
ENPH,2020-03-02,A,True,True,pass,,51.400001525878906,35.945000190734866,25.83385010242462,0.33892319007357896,0.1483880281450629,-0.1301404401227133,-0.1722953406904609,0.1257393659945467,-0.1986262140377802,-0.4762449753318426,0.1257393659945467,-0.5477962062213265
TSLA,2020-03-06,A,True,False,rejected,drawdown20_within_limit,46.89866638183594,42.71943981170654,23.792916655540466,0.36276936187227493,0.18106597712993433,-0.23319742262807208,-0.0970778992769063,0.1034209307277902,-0.170782452140401,-0.2937940579531656,0.1034209307277902,-0.4210178737021331
RPAY,2020-04-15,A,True,False,rejected,price_above_sma50;sma50_rising20,15.350000381469728,16.15120002746582,14.166274981498718,-0.05410248741049373,0.02460938746444974,0.0,0.078074158633703,0.0871827722115061,-0.0696161159916168,0.1691606666983938,0.2329213340296747,-0.0696161159916168
NTRA,2020-05-15,A,True,False,rejected,sma50_above_sma200,45.22999954223633,32.832199821472166,34.461575021743776,0.03359346700689403,0.038954489029690675,-0.036634743189628005,-0.0252947538387792,0.0355841327570209,-0.0441586560752466,-0.0679528805992435,0.0355841327570209,-0.1097535386733422
TGTX,2020-06-02,A,True,True,pass,,18.729999542236328,14.343099880218507,10.564999983310699,0.3158686493387788,0.133343521078771,-0.14239929435087706,-0.0198925178303766,0.0500000153818434,-0.077419381963681,-0.0220430020969554,0.0500000153818434,-0.1096774663273499
FVRR,2020-06-24,A,True,True,pass,,69.37999725341797,54.14679996490479,31.569400005340576,0.41852496212245627,0.15630992081181083,-0.027882939842808985,0.0829492267327647,0.099798387982825,-0.0189372464742617,0.2307027085228596,0.2391993091354964,-0.0189372464742617
MRNA,2020-06-30,A,True,True,pass,,64.20999908447266,59.55179969787598,31.006899924278258,0.2395056238784794,0.179507757442668,-0.03545141386766526,-0.0225396534753223,0.0115872943212116,-0.114126962328714,0.2733333527095734,0.4026984562949529,-0.114126962328714
ALT,2020-08-03,A,True,False,rejected,drawdown20_within_limit,27.25,15.033199968338012,5.579329990148544,1.3103829729263214,0.7078989055071521,-0.18069749322994422,-0.0395657254295485,0.0934854251397254,-0.0613176430450045,-0.0224512553786775,0.0934854251397254,-0.2561649235287985
ARCT,2020-08-04,A,True,True,pass,,54.619998931884766,46.14139991760254,23.91649999141693,0.10761865911673185,0.22229689013258902,-0.13562272323268998,-0.0695257941424181,0.1707916278746624,-0.0763272414931819,0.0608350878922676,0.1707916278746624,-0.1203476080702359
MRNA,2020-08-04,A,True,False,rejected,drawdown20_within_limit,78.45999908447266,67.45009971618653,37.99584993839264,0.11687513815469197,0.19270206394418432,-0.17279915290794956,-0.1099496306354904,0.0,-0.135372282268111,-0.1349851512818692,0.0,-0.1582138965649411
BE,2020-09-01,A,True,True,pass,,16.450000762939453,13.987799940109253,9.296849987506867,0.2288324701818325,0.1397458597864516,-0.03575607984166096,-0.1192214676490363,0.0109489233168142,-0.1970803296557317,-0.0930657321741511,0.0109489233168142,-0.1970803296557317
BE,2020-09-02,A,False,False,pass,,16.479999542236328,14.136999921798706,9.346599984169007,0.22928296679955773,0.13809436674367537,-0.03399765192630477,-0.1692771298218433,0.0012048468255456,-0.2048193068718208,-0.1234939845557618,0.0012048468255456,-0.2048193068718208
TRUP,2020-09-02,A,True,True,pass,,68.86000061035156,54.04499984741211,37.542224969863895,0.2573283075590127,0.10871577820012646,-0.07533235555785045,0.0481946108474586,0.0773765676944329,-0.0480471954243871,0.0343404846492867,0.1432572061797534,-0.0480471954243871
OVID,2020-09-09,A,True,False,rejected,price_above_sma50;drawdown20_within_limit,5.71999979019165,6.888499975204468,4.741425007581711,0.021078221135914177,0.09384263998081277,-0.3058252488985872,0.1573426797865804,0.1888112657617819,-0.0157342096244582,0.0139860845240578,0.2062937672129259,-0.0157342096244582
FLGT,2020-09-29,A,True,True,pass,,41.810001373291016,34.37200008392334,19.780775022506713,0.21989913460963284,0.12370814847214229,0.0,0.0584878507882029,0.1219685469785938,-0.0764621849326355,-0.0033286542980145,0.1219685469785938,-0.0764621849326355
SWBI,2020-10-01,A,True,False,rejected,price_above_sma50;sma50_rising20,13.123019218444824,14.486073093414307,9.08553681731224,-0.0014566825363617752,0.09365220027465426,-0.13926024016048233,0.0630576720130424,0.1267520185989783,-0.0057324938650494,0.0687900256823574,0.1267520185989783,-0.0057324938650494
TGTX,2020-10-01,A,True,True,pass,,27.09000015258789,23.297899894714355,17.01897495985031,0.07085763502876485,0.11085927029637754,0.0,0.1529411279299606,0.1802656520392451,-0.0127893695753213,0.1404174118415875,0.2132826888244354,-0.0127893695753213
NVAX,2020-10-07,A,True,False,rejected,price_above_sma50;sma50_rising20,110.0,122.49979919433594,56.45374982357025,-0.022283982563033877,0.2241086769827496,-0.08432529330745264,0.0073006328099869,0.098873380103116,-0.0157728710963044,-0.1783685789136595,0.098873380103116,-0.1888237721900552
AGNT,2020-11-03,A,True,False,rejected,price_above_sma50;drawdown20_within_limit,19.69981384277344,20.800059127807618,9.856962711811066,0.23198001176793248,0.22730117220573876,-0.29268298696058415,-0.0690669367733185,0.1637232701685065,-0.0937499133216254,-0.0124548640680822,0.1637232701685065,-0.0937499133216254
NVAX,2020-11-03,A,True,False,rejected,price_above_sma50;sma50_rising20;drawdown20_within_limit,83.63999938964844,102.7097996520996,65.27374978542328,-0.16680213786390352,0.16719089171363044,-0.28683492274717537,-0.063733658829981,0.2033293553433659,-0.0892984812424392,0.1045184432224712,0.2033293553433659,-0.0892984812424392
CSIQ,2020-11-17,A,True,True,pass,,39.68999862670898,36.28199981689453,24.509899916648866,0.1282839043838908,0.0739287501571988,-0.020241908881747706,0.0162621388874255,0.0342756790103662,-0.1143357406868706,0.048286220821432,0.1433575023077151,-0.1143357406868706
DNLI,2020-12-02,A,True,True,pass,,62.52000045776367,48.904800186157225,30.93202503681183,0.29080005972149037,0.13362359276199243,-0.10609095974594573,0.2081355090592116,0.2621082222001372,-0.0090218374813385,0.3232035148830552,0.359923991040352,-0.0090218374813385
RIOT,2020-12-02,A,True,True,pass,,8.510000228881836,4.110199999809265,2.6167749971151353,0.29227190049385077,0.18353893786846864,-0.03405223342179087,0.0045402905729676,0.2814982320221304,-0.0510784042572192,0.2213393548680418,0.3234959468843483,-0.0510784042572192
VNET,2020-12-08,A,True,True,pass,,28.8799991607666,24.54539981842041,20.18134998321533,0.07590142501712527,0.07174587725348713,-0.03701235808012737,-0.0238501108634192,0.0357751013088052,-0.0551959392905559,0.1308346914933487,0.1744463636350048,-0.0620102102613016
ARCT,2021-01-05,A,True,False,rejected,price_above_sma50;drawdown20_within_limit,48.790000915527344,72.6096002960205,49.41305011272431,0.2967620998418814,0.18233545383601601,-0.6054504328752736,0.3123956968430035,0.6976210680834329,-0.0087645698037086,0.4044241574151763,0.6976210680834329,-0.0087645698037086
FCEL,2021-01-05,A,True,False,rejected,drawdown20_within_limit,336.0,200.6279995727539,102.08699989318848,0.817282598546337,0.31320186551223883,-0.1654247518475983,0.5914786696919663,0.5923140575724173,-0.0350877356985717,0.4001670265859858,0.7493734378437849,-0.0350877356985717
CLNE,2021-02-01,A,True,True,pass,,10.56999969482422,7.252400012016296,3.6408000057935714,0.7033209639533371,0.30454879360427656,-0.09503429634840699,0.6561631976284532,0.707136250362931,-0.0713623268592782,0.4754402347152475,0.8341057447166753,-0.0713623268592782
NIU,2021-02-01,A,True,True,pass,,46.959999084472656,34.03659992218017,22.568300025463103,0.14567401042973938,0.17533740827111655,-0.04494608840291647,-0.0368488274774527,0.0584497723461114,-0.070944561673361,0.0468021818581338,0.1304531911937207,-0.0842863074830108
PLUG,2021-02-02,A,True,True,pass,,64.25,41.341199760437014,18.195849940776824,0.6752927790016581,0.44954512098968435,-0.12202788013030652,0.0238203551447651,0.0697921137693027,-0.0418753145634727,-0.1468669941136405,0.0697921137693027,-0.1640116004757983
ENPH,2021-02-04,A,True,True,pass,,195.6300048828125,171.90260162353516,97.1990505027771,0.24672983088993816,0.2018526255884674,-0.0848146991482247,0.0106610120269285,0.1627576315055812,-0.0328967198095694,-0.0367549517281401,0.1627576315055812,-0.1089958457020184
RIOT,2021-02-04,A,False,False,rejected,drawdown20_within_limit,23.07999992370605,15.810800018310546,6.089475001096726,0.8607946473253567,0.5423147335274567,-0.20138407514346546,0.8273961107721439,0.9779473935773476,-0.0275657175841123,2.0250212918509547,2.371501283173246,-0.0275657175841123
DFTX,2021-03-01,A,True,True,pass,,54.59999847412109,50.177999877929686,20.488199996948243,0.22977155093157964,0.3029973447416052,-0.13126491965464393,-0.30706522696861,0.0054347687122127,-0.3831521962600902,-0.2119565326309683,0.0054347687122127,-0.3831521962600902
MSTR,2021-03-30,A,True,False,rejected,price_above_sma50;drawdown20_within_limit,65.39800262451172,74.5411001586914,33.717170038223266,0.17114672869159264,0.20676755779751232,-0.18633900311649498,0.013264173478156,0.1365481458478286,-0.0096200040667483,0.1357144153036029,0.3620851580883644,-0.0096200040667483
CWH,2021-04-06,A,True,True,pass,,29.517391204833984,28.907604789733888,24.610523223876953,0.10423577309648446,0.055457843205045654,-0.13262707223845305,0.0368421844559776,0.0655264000777526,-0.0407893689398296,0.0847370234473967,0.1373686096348605,-0.0407893689398296
GOGO,2021-04-27,A,True,False,rejected,sma50_rising20,11.270000457763672,11.129200134277344,9.372775028944016,-0.08549922874841498,0.08701362794027889,0.0,-0.0669326358434274,0.0106382879787065,-0.1099290603255664,0.0292553130778427,0.0434397815950491,-0.1445035596655615
GOGO,2021-05-04,A,False,False,rejected,price_above_sma50;sma50_rising20,10.524999618530272,10.829700107574462,9.554750030040742,-0.0981938387466691,0.08547100822089382,-0.06610477453176888,0.0870785884763287,0.102059936464576,-0.0964420091024103,0.1479400635354244,0.1708801270708486,-0.0964420091024103
SIG,2021-05-04,A,True,True,pass,,59.2107048034668,54.69730834960937,31.53667694568634,0.1505360634522659,0.17928846228251927,-0.044144337322271965,-0.0042544938871594,0.0772141765551812,-0.0627165131359609,-0.01087291485418,0.0772141765551812,-0.0871413611615863
FCEL,2021-06-01,A,True,False,rejected,price_above_sma50;sma50_rising20,302.70001220703125,309.90599853515624,289.9664992713928,-0.23073142271679292,0.06429448368657864,0.0,0.2043651440406506,0.2519841724372373,-0.0297619053626067,-0.0863095457351431,0.2519841724372373,-0.1051586919140425
AGNT,2021-06-02,A,True,False,rejected,price_above_sma50;sma50_above_sma200;sma50_rising20,30.390878677368164,31.873488998413087,32.362097964286804,-0.22301351283843185,0.04962229155653408,0.0,0.1974402032057018,0.2763554797763183,-0.0112735812103957,0.0630711459551407,0.2763554797763183,-0.0112735812103957
CLSK,2021-06-02,A,True,False,rejected,price_above_sma50;sma50_rising20,17.149999618530273,19.03729995727539,18.45937497854233,-0.16766278997584938,0.04990935216285086,-0.11139894836895992,0.1086317322096066,0.1978860126839241,-0.0587199036805778,0.1403405339567962,0.2184380013719917,-0.0587199036805778
NEGG,2021-06-02,A,True,False,rejected,drawdown20_within_limit,206.0,190.9520001220703,125.6949998474121,0.04651876811489908,0.09305702940342497,-0.23929095536927958,0.0277777315237339,0.0793650769622718,-0.0456349798040545,0.0218253658892506,0.1111110774718064,-0.0456349798040545
WULF,2021-07-08,A,True,True,pass,,17.544601440429688,10.211674118041993,7.519796869754791,0.21300253073150488,0.1552808069486482,-0.12313586782859631,-0.1299708593533057,0.1353054750061026,-0.1299708593533057,0.025703234857636,0.1353054750061026,-0.1299708593533057
JKS,2021-08-03,A,True,False,rejected,sma50_above_sma200,43.82910919189453,36.911496925354,40.506497611999514,0.2354407220443555,0.021680805465413622,-0.07770603021489109,0.0181601319361479,0.0474559906693967,-0.0734965059318452,-0.2975843019982381,0.0474559906693967,-0.3147163921934032
MRNA,2021-09-01,A,True,False,rejected,drawdown20_within_limit,389.9400024414063,329.5350985717773,196.8229248046875,0.31894706759459046,0.19904145784816207,-0.19512043788286726,0.159718179139338,0.1686210864639603,-0.0113194417921819,0.1208760166445119,0.1824332926256342,-0.0113194417921819
BNTX,2021-09-03,A,True,False,rejected,drawdown20_within_limit,329.9300231933594,301.58683502197266,177.4194514465332,0.2252632934345029,0.17723669675534715,-0.2525099277376166,-0.0221198911472868,0.0859687414891574,-0.0360793978862108,0.0133615974904077,0.1204938074454058,-0.0360793978862108
DDS,2021-09-03,A,True,True,pass,,156.77658081054688,144.51804626464843,90.108375415802,0.07986378002298844,0.14700783978990706,-0.028546678123586466,-0.0213287279431416,0.0232455822962647,-0.070571925479549,-0.0195596239342712,0.0300276220473614,-0.070571925479549
UUUU,2021-10-05,A,True,False,rejected,drawdown20_within_limit,7.03000020980835,5.915799999237061,5.5993999981880185,0.12041666854586874,0.08619703088556419,-0.15606239205333983,0.1348484665675375,0.1454545533361515,-0.0742423906361318,0.2530303904942366,0.3045454213770291,-0.0742423906361318
GSAT,2021-11-02,A,True,False,rejected,price_above_sma50,25.200000762939453,25.99200004577637,22.572000069618227,0.050563840655391434,0.07570233786199831,0.0,0.0481928024627928,0.0542168836205552,-0.0481927258624453,-0.0481927258624453,0.0542168836205552,-0.0662650459360797
NOG,2021-11-02,A,True,True,pass,,19.320650100708008,16.660347175598144,13.20318766117096,0.19194113244616107,0.09915286437903781,-0.09301482672605321,0.0365392102536634,0.0898781590070827,-0.0205796898578946,-0.013019839473867,0.0898781590070827,-0.0298196820730585
UUUU,2021-11-02,A,True,True,pass,,8.550000190734863,7.03100004196167,5.984350007772446,0.18851212733162592,0.06874843906650674,-0.02840909029334049,0.2423556468644419,0.2559456679964824,-0.009060014088027,0.115515341628176,0.2899207748285277,-0.009060014088027
BTU,2021-12-02,A,True,False,rejected,price_above_sma50;sma50_rising20;drawdown20_within_limit,9.545918464660645,12.565135898590087,9.043112001419068,-0.14326958087244335,0.07924702101382541,-0.18285719696997527,-0.0484188124219056,0.0375494188476392,-0.1086952458907757,-0.0355731652798446,0.0375494188476392,-0.152174066774422
UUUU,2021-12-02,A,True,False,rejected,drawdown20_within_limit,8.710000038146973,8.473800039291381,6.519150002002716,0.188704651033057,0.08407679182136718,-0.2074613085036685,-0.0659090808107835,0.0136363503361538,-0.1568181914238888,-0.1465909015787536,0.0136363503361538,-0.2011363571094089
MXL,2022-03-10,A,True,False,rejected,price_above_sma50;sma50_rising20,56.09000015258789,62.259199981689456,55.32615009307861,-0.07234767963923339,0.04579474458807131,-0.1361466211464537,0.0337944367807616,0.0364209069187158,-0.1185431690669001,0.1040097804802391,0.1052354799037396,-0.1185431690669001
AA,2022-04-04,A,True,True,pass,,86.6617660522461,73.22092735290528,51.7730463886261,0.15681812842034537,0.0986735423884344,-0.04376194199920902,-0.1144850584261197,0.0,-0.1327253676538484,-0.0710298778405749,0.0,-0.1327253676538484
GTE,2022-04-04,A,True,True,pass,,16.399999618530273,13.492000007629395,8.815499982833863,0.2883880811223021,0.11419362970693148,-0.08888891008165145,-0.0898204122842383,0.0299401183926648,-0.107784494741086,0.0179640253506037,0.0958082874865371,-0.107784494741086
AMC,2022-05-04,A,True,False,rejected,price_above_sma50;sma50_above_sma200;sma200_rising20;drawdown20_within_limit,157.1999969482422,181.5,292.0229995727539,0.006287215653621558,-0.09516867363088488,-0.2290338320066394,-0.3386479915181375,0.0070152475976896,-0.3679847159096715,-0.1862245153655906,0.0070152475976896,-0.3813775630604965
NEXT,2022-05-04,A,True,True,pass,,6.460000038146973,5.1097999906539915,3.539750000238419,0.46824894458126676,0.07385553391657851,-0.12347352259735855,-0.1780185895629351,0.077399380347902,-0.222136212740823,0.077399380347902,0.1671826497412605,-0.230650191819925
PANW,2022-06-02,A,True,False,rejected,price_above_sma50;sma50_rising20,86.22333526611328,92.83559951782226,86.82890832901,-0.047693169812589864,0.01892370661274234,-0.023223270339689295,0.0119000781486418,0.048502145049192,-0.0153309722416168,-0.0858101343388434,0.048502145049192,-0.0986708269361174
IRTC,2022-06-03,A,True,True,pass,,143.4600067138672,138.6665997314453,107.35635021209717,0.009047959176994302,0.08591634108955915,0.0,-0.0788879296634915,0.0491748258295365,-0.1064849906303113,-0.2593987370407917,0.0491748258295365,-0.2944600449184982
LNTH,2022-06-03,A,True,True,pass,,71.88999938964844,61.36979988098145,37.765599985122684,0.09359273247397915,0.11442069357829965,0.0,-0.1327085562070905,0.0021732684969544,-0.1677533527311874,-0.175224138068615,0.0021732684969544,-0.1961423784662471
PECO,2022-07-05,A,True,False,rejected,sma50_rising20,29.54994010925293,29.006248664855956,28.001118602752687,-0.014135548054971414,0.013132049836233506,-0.00039093505548648544,0.0286968097067157,0.0368958943132315,-0.0199120166174432,0.0096685585975502,0.0368958943132315,-0.0359849592713767
KOS,2022-08-01,A,True,False,rejected,price_above_sma50;sma50_rising20,6.119999885559082,6.61079999923706,5.419399987459183,-0.0666403102402141,0.05399912491397241,-0.03470035674037131,-0.0407166132632336,0.048859966980191,-0.0960911544919032,0.0048860277623297,0.0798046023795417,-0.0960911544919032
PTEN,2022-08-01,A,True,False,rejected,sma50_rising20,14.165926933288574,13.80556957244873,11.14369907617569,-0.046870235812498384,0.04293012757420245,-0.009063561609730542,-0.1280339028604586,0.0212378878150278,-0.16868925124333,-0.1201455205897807,0.0212378878150278,-0.16868925124333
LQDA,2022-08-02,A,True,False,rejected,sma50_above_sma200;sma50_rising20,5.21999979019165,4.467999992370605,5.188100008964539,-0.07513972858575169,0.03594177376807983,-0.03690042127066717,0.0438931353282114,0.0534351568776119,-0.0324426730691461,0.4217557508929777,0.6774809820225103,-0.0324426730691461
EQT,2022-08-10,A,True,True,pass,,41.03439712524414,38.27393936157227,28.96635362625122,0.0036121895705567564,0.07400895140766695,-0.041805793799403745,0.050624458925387,0.0938893886939897,-0.0490632177346294,0.1081623685371753,0.1536573602206161,-0.0490632177346294
SM,2022-08-10,A,True,False,rejected,price_above_sma50;sma50_rising20,34.73328399658203,35.738118171691895,32.88068146705628,-0.014586263559658086,0.02215404635721896,-0.06952511262376404,0.0424351995081568,0.0747664811359323,-0.0250063782371311,0.1621623016566802,0.1869158683968785,-0.0250063782371311
LNTH,2022-09-01,A,True,True,pass,,78.69999694824219,73.85219985961913,52.2043999671936,0.09087444770015485,0.11938331888659404,-0.09122403770295318,0.0667251909047057,0.0762572926836759,-0.0245830506878654,-0.0027593278745797,0.0970776061443177,-0.0245830506878654
TMDX,2022-09-29,A,True,False,rejected,price_above_sma50;drawdown20_within_limit,42.43999862670898,46.17099975585938,28.857824940681457,0.16188827207362677,0.09852861802906898,-0.23874441925185697,0.0014037799774813,0.0631725980863142,-0.0311184318863695,-0.041413205153322,0.0631725980863142,-0.0907814907754215
EGY,2022-11-08,A,True,False,rejected,sma50_above_sma200,4.1714043617248535,3.968240079879761,4.7288439655303955,0.011196528973865583,0.028616296003566744,-0.07014384914255245,0.0839845684162543,0.1191409406764083,-0.0527342060102012,0.0533483231388816,0.1191409406764083,-0.0567028725606798
APA,2022-12-02,A,True,True,pass,,41.24934387207031,37.87044486999512,34.86339080810547,0.0820499836401074,0.03803010860802547,-0.04828272229282404,-0.1291865782812803,0.0099854284435956,-0.1312669254871062,-0.0890368301560413,0.0099854284435956,-0.1312669254871062
MOD,2022-12-02,A,True,True,pass,,21.21999931335449,17.332400016784668,12.766049976348876,0.15520068132153786,0.09486788049106587,-0.015769951809367244,-0.057922408799698,0.0177118645305822,-0.057922408799698,-0.0344662199325518,0.0177118645305822,-0.1000478800216502
AMR,2023-02-02,A,True,True,pass,,161.6603240966797,153.70099182128905,144.79933895111083,0.004075981333169443,0.02293860780771495,-0.045420024538068704,-0.0438921417608901,0.0255174165000224,-0.0655025763278343,0.0548807989880646,0.0810757863423812,-0.0655025763278343
CRK,2023-03-01,A,True,False,rejected,price_above_sma50;sma50_above_sma200;sma50_rising20;sma200_rising20,12.014409065246582,12.15779224395752,15.154144005775452,-0.12379495569094523,-0.026747496026280793,-0.039097631957005885,-0.0284322450250482,0.090170566561498,-0.0503656679142595,-0.1697806397547696,0.090170566561498,-0.1998374949654957
WFRD,2023-03-01,A,True,True,pass,,66.2695083618164,54.670262298583985,36.4174235534668,0.1675017789079627,0.08441123741130108,0.0,-0.0013468663795892,0.0501269256097181,-0.023791873097874,-0.1883884072387839,0.0501269256097181,-0.2153224651039073
FLNC,2023-03-02,A,True,False,rejected,price_above_sma50;drawdown20_within_limit,19.200000762939453,20.353899936676026,15.593825006484986,0.0802237476856471,0.08117201082218206,-0.20857376002488215,0.0176991238309174,0.1249350151098556,-0.0369598708126198,-0.1499218791267142,0.1249350151098556,-0.1702238240465341
ROIV,2023-04-03,A,True,False,rejected,price_above_sma50;sma50_rising20;drawdown20_within_limit,7.400000095367432,8.016599979400635,5.801849994659424,-0.03474931337016418,0.07008184316012223,-0.15040182974077687,0.0013476754638623,0.016846361012766,-0.0606469382042184,0.1954177620425801,0.2061994228085477,-0.0606469382042184
BBIO,2023-06-01,A,True,False,rejected,price_above_sma50,14.0,14.64089994430542,11.450674998760224,0.007285864490380822,0.03282521989221854,-0.056603783285096965,0.1488011681904832,0.1780676702530561,-0.0317348909206439,0.0944993035083916,0.2122708155219976,-0.0317348909206439
PACB,2023-06-01,A,True,True,pass,,12.859999656677246,11.310799961090089,9.241850006580353,0.13706093253686213,0.07833894286797571,-0.01531399360746133,0.0569476078705575,0.0774487090493918,-0.0220197388134436,0.0106302462043836,0.0858010712144887,-0.0220197388134436
BBIO,2023-06-02,A,False,False,rejected,price_above_sma50,14.260000228881836,14.669299945831298,11.466575000286102,0.007479192377150001,0.03243414873195127,-0.03908355240851602,0.1347517423494015,0.1847517355857539,-0.0056737533008291,0.0645389945242862,0.219148941063064,-0.0056737533008291
AMLX,2023-06-05,A,True,False,rejected,price_above_sma50;sma50_above_sma200;sma50_rising20;drawdown20_within_limit,25.270000457763672,28.35080009460449,32.29144997596741,-0.07738067714870178,0.006205539588904463,-0.16046511171074662,-0.0189648183470816,0.0446464279715133,-0.0201501477535825,-0.0347688336363161,0.0446464279715133,-0.0861319775256902
VRT,2023-06-27,A,True,True,pass,,23.708162307739254,17.483073921203612,14.575511045455933,0.24047949519423106,0.06856641646482098,0.0,0.0300974891231824,0.0601950062425373,-0.0220432579228544,0.0919881521483796,0.1011021900851043,-0.0220432579228544
FDMT,2023-07-06,A,True,False,rejected,price_above_sma50;drawdown20_within_limit,18.09000015258789,18.657800064086913,17.286875019073488,0.04693234260542001,0.06665813188055414,-0.22226999249442747,0.065373980889317,0.1340720320544479,-0.0138504160978963,-0.0011079529784121,0.1340720320544479,-0.0142935972892611
NVTS,2023-07-11,A,True,True,pass,,10.3100004196167,8.451599988937378,5.972100007534027,0.16905967369241837,0.0726717561596999,-0.022748793059637507,0.0037735811710866,0.0263206904313899,-0.0792452945620953,-0.0556603897504848,0.0263206904313899,-0.1273585219704064
HLX,2023-07-25,A,True,True,pass,,8.529999732971191,7.273600006103516,7.102499985694886,0.04054247110147324,0.05545896249448501,0.0,0.1342042879099694,0.1923990345463422,-0.0035629136222521,0.1365795259038105,0.1923990345463422,-0.0035629136222521
GENI,2023-08-01,A,True,True,pass,,7.900000095367432,6.485799961090088,5.010999982357025,0.25218163957083384,0.07368601456720048,-0.0075376812175881325,-0.1290322580645161,0.0903225560342111,-0.1329032528784967,-0.1716128933814263,0.0903225560342111,-0.2103225954117313
IMVT,2023-08-01,A,True,True,pass,,23.06999969482422,20.948600006103515,17.004299998283386,0.06801056125383087,0.09566965581838116,-0.07497998392902028,-0.0426560828108044,0.0129727387538773,-0.0677220327035643,-0.0976253006024252,0.0129727387538773,-0.1160949611354645
POWL,2023-08-15,A,True,True,pass,,26.99556350708008,21.181984100341797,15.02498040676117,0.10054831673614362,0.1218390761031074,-0.035792206440318775,-0.0543058477398266,0.0234639874092841,-0.076197423635786,0.0330188046870958,0.0399128731562177,-0.076197423635786
FSLY,2023-09-01,A,True,True,pass,,24.100000381469727,18.595400085449217,14.305850012302399,0.10080153930890923,0.09271692826211053,0.0,-0.0138655434573373,0.0144958500740579,-0.0474789578567299,-0.1621848246529467,0.0144958500740579,-0.1630251800481068
IONQ,2023-09-01,A,True,True,pass,,17.510000228881836,14.955200080871583,8.108600029945373,0.1612983400591368,0.13856847106003656,0.0,0.138888861294147,0.1603008356681243,-0.0393518679487846,-0.0648148608060512,0.2499999724052581,-0.0694444858365572
FSLY,2023-09-05,A,False,False,pass,,24.01000022888184,18.76600009918213,14.372400014400482,0.10316854358790639,0.0926424325123103,-0.003734446106361422,-0.0443885889110037,0.0103434529576964,-0.0531825207306361,-0.1758793552426569,0.0103434529576964,-0.1968173794290845
RIOT,2023-09-07,A,True,False,rejected,price_above_sma50;drawdown20_within_limit,11.380000114440918,14.851699981689453,9.617074987888337,0.0250964562373186,0.06754082792241833,-0.25279051500418415,-0.0292035325784002,0.0035398195732618,-0.1075221355822717,-0.1522124104421763,0.0256637130051382,-0.1752212798663571
IDYA,2023-10-10,A,True,True,pass,,26.920000076293945,26.724000129699707,20.966350035667418,0.0825218336321969,0.0507262895676317,-0.08714817615364034,-0.0189099088567384,0.0307749330677615,-0.1015943582082858,0.0103819315452065,0.0307749330677615,-0.1015943582082858
ACHR,2023-12-07,A,True,False,rejected,sma50_rising20,6.25,5.409799976348877,4.35704999089241,-0.01064374492181075,0.0799881013447441,-0.039938589821907566,0.1093248115937361,0.1278135214003679,-0.0305465573620937,0.0337620651496037,0.1278135214003679,-0.0305465573620937
EH,2023-12-12,A,True,False,rejected,sma50_rising20,17.040000915527344,16.194700012207033,14.76132499217987,-0.015429975620296021,0.028235630018291547,-0.10551172714080115,0.0029567851869731,0.0851567443554999,-0.0272027846613525,0.0206978346911865,0.0934358331143248,-0.0703725364353221
ARDX,2024-02-01,A,True,True,pass,,9.289999961853027,6.645999994277954,4.595925003290176,0.3937004513861757,0.09776371004313944,-0.015889790804861748,0.0186813262821519,0.0472526740083514,-0.0549450526417722,0.0219780000968343,0.1131867790982263,-0.0549450526417722
GCT,2024-02-01,A,True,True,pass,,24.68000030517578,17.010899982452393,10.740425028800964,0.42040397131578655,0.17932367299167962,-0.03669010551389751,0.1937299744677458,0.2029743293710617,-0.0253215105312403,0.3054662635782643,0.339630343863232,-0.0253215105312403
MARA,2024-02-01,A,True,False,rejected,drawdown20_within_limit,18.600000381469727,18.572600021362305,13.029300003051757,0.28499868677277007,0.08999418606555021,-0.2919680221789719,0.2028985106627057,0.2051282160326362,-0.1003345089645915,0.5061315302900031,0.6973244067151854,-0.1003345089645915
BHVN,2024-02-02,A,True,True,pass,,44.790000915527344,39.95599998474121,26.0966499710083,0.19668870914675574,0.13862958562862682,-0.07554179132669347,0.0839472704772756,0.0924313307663546,-0.0118330561098605,0.1051573786157222,0.1214556489286229,-0.0118330561098605
COIN,2024-02-02,A,True,False,rejected,price_above_sma50;drawdown20_within_limit,129.22000122070312,141.41280044555663,91.50850008010865,0.15271524017744142,0.07844009591229573,-0.18943669109968087,0.1032634721061149,0.123154673499253,-0.1102563725601201,0.4010101152613619,0.5045843355188457,-0.1102563725601201
IRON,2024-02-02,A,True,True,pass,,67.5,59.99459991455078,48.96947497367859,0.12250430498918252,0.09352264535681254,-0.010118821186421711,0.0253754126145053,0.0551050788743092,-0.0289789842251381,-0.0102102150263563,0.0551050788743092,-0.0289789842251381
MOD,2024-02-23,A,True,True,pass,,81.80000305175781,65.70040016174316,46.38330009460449,0.15535469509418465,0.12622648794077618,0.0,0.104287041633396,0.1310211600850737,-0.0065029011268515,0.0098747553682998,0.1560693514160271,-0.0089113421918467
AFRM,2024-03-01,A,True,False,rejected,price_above_sma50;drawdown20_within_limit,38.0099983215332,42.70949989318848,26.037925052642823,0.04104764159533669,0.12787500550994713,-0.22775299921070957,0.0020682010270489,0.033092005408428,-0.0762668236728196,-0.1284902063467173,0.0423991565850372,-0.150206859551487
APP,2024-04-01,A,True,True,pass,,69.13999938964844,56.37309982299805,41.47147489547729,0.22096602089228923,0.11324151950771455,-0.047658390594953026,0.1580118884980994,0.1615726875832059,-0.0029674269007238,0.0597922654015001,0.180267080872599,-0.0029674269007238
DELL,2024-04-02,A,True,True,pass,,114.02108001708984,94.61149673461914,70.35580423355103,0.17423902696304117,0.10102109379214164,-0.017095339766696194,0.0504287130426346,0.1559555290983671,-0.0011036357280546,0.0279310295287988,0.1559555290983671,-0.0179132803820891
ROOT,2024-04-02,A,True,True,pass,,62.08000183105469,28.544700145721436,14.707250037193297,1.3408039791974682,0.4567150452848252,0.0,0.3073289030658113,0.4004885297523393,-0.0030945022261305,0.0071661012341104,0.4004885297523393,-0.0172638655854795
OUST,2024-05-02,A,True,True,pass,,9.609999656677246,6.870599966049195,5.834149980545044,0.19405630552512454,0.04818584343006593,0.0,0.0402010633037523,0.0572864984346801,-0.0743718377189412,0.1718593036107067,0.4241206379822511,-0.0743718377189412
CADL,2024-05-07,A,True,True,pass,,9.59000015258789,4.012000024318695,1.8579950049519538,1.0857160813453115,0.41903173049333264,0.0,0.1019567216507542,0.1204943431202318,-0.0576725455629936,0.2636457682347488,0.4727085617461883,-0.0576725455629936
MOD,2024-05-14,A,True,True,pass,,105.66000366210938,93.38059997558594,63.95810001373291,0.07131335504469516,0.10339836419272097,-0.011137059700566443,-0.0531864985129195,0.0220210940624556,-0.0915367894578952,-0.0994680994200464,0.0220210940624556,-0.1996827646870297
CLS,2024-05-21,A,True,True,pass,,52.63999938964844,46.278799819946286,32.96349990844727,0.04829817248602786,0.0987045937463984,-0.0005695610468914314,0.1219927735370574,0.1566584639958053,0.0,0.0678158354663793,0.1566584639958053,-0.0170487120718003
CATX,2024-07-03,A,True,False,rejected,price_above_sma50;sma50_rising20;drawdown20_within_limit,10.75,14.174999961853027,8.349749983549119,-0.07630652751194877,0.0975681905642043,-0.2375886731089959,0.1200750235734695,0.1613508716368665,-0.0487804419824259,0.1153846635569368,0.2232645542690792,-0.0487804419824259
WGS,2024-09-06,A,True,True,pass,,32.9900016784668,31.982299995422363,15.813725011348724,0.10764664223666776,0.24835259798467701,-0.07746075987364986,0.1362135268951594,0.1686168203761819,-0.0366036949798906,0.2121211913116927,0.299729892437675,-0.0366036949798906
FIP,2024-09-10,A,True,False,rejected,price_above_sma50;drawdown20_within_limit,7.921324729919434,8.891984853744507,6.314631123542785,0.04656324826805225,0.09629956200279777,-0.163983804491177,0.1249997060595806,0.1538459405413326,-0.0264422261326946,0.0697113306535655,0.1670674406224785,-0.0264422261326946
ARM,2024-09-24,A,True,False,rejected,sma50_rising20,143.3000030517578,135.05179901123046,119.6211997795105,-0.09553574318011682,0.06670304785879022,-0.027617508314316308,-0.0503838176339421,0.0634333296881191,-0.0519888122092457,0.002093531370334,0.0634333296881191,-0.0732728525916888
HROW,2024-10-01,A,True,True,pass,,44.45000076293945,37.146199989318845,19.575649981498717,0.279570932376799,0.2091272958652286,-0.04346891337854597,0.1657142857142857,0.1874285888671876,0.0,0.2226286097935268,0.2413714599609375,0.0
ALT,2024-10-02,A,True,False,rejected,price_above_sma50;sma50_above_sma200;sma50_rising20;drawdown20_within_limit,6.269999980926514,6.659999980926513,8.129524981975555,-0.001529191646721717,0.03405719403941809,-0.20431473478838047,-0.0176848328597543,0.0442122354732359,-0.0297427570771414,0.1028939493425664,0.1639871407286792,-0.0482314668837732
LUNR,2024-11-01,A,True,True,pass,,8.109999656677246,7.057399959564209,5.400724983215332,0.2817886290373517,0.11222146792535925,-0.05477858638788846,0.2086955666703036,0.2434782598394012,-0.0621117997705732,0.5428571157785469,0.8509315857755391,-0.0621117997705732
DYN,2024-11-19,A,True,False,rejected,price_above_sma50;sma50_rising20,29.68000030517578,32.36500015258789,32.28497505187988,-0.12771737458909815,0.03629690152390608,-0.13038384481905896,-0.0081438675503939,0.0468273193168986,-0.0295215117799652,-0.0010179429927328,0.0627757185128738,-0.0522564996287885
DJT,2024-12-02,A,True,False,rejected,sma50_above_sma200;sma200_rising20,32.4900016784668,28.16519998550415,34.08590004920959,0.22892859908004115,-0.03173721623387993,-0.09637046241491598,0.1026521370934385,0.146957853247819,-0.0014976704160996,0.2012480785173027,0.2062402735631952,-0.0014976704160996
TPL,2024-12-26,A,True,False,rejected,price_above_sma50;drawdown20_within_limit,384.9771728515625,423.4572814941406,285.74943183898927,0.11766255546692661,0.10071727392170549,-0.2862557982481234,0.0395108837216029,0.0518027635320601,-0.0546781022074847,0.1163692519954713,0.1494336238254008,-0.0546781022074847
CADL,2025-01-02,A,True,False,rejected,sma50_above_sma200,8.989999771118164,5.867800025939942,6.347800010442734,0.06776577067442857,0.099035803462179,-0.09738958467004932,-0.0901000541228752,0.0456062133315395,-0.1156840921391562,-0.2586206750232159,0.0456062133315395,-0.2602891807926805
APP,2025-01-03,A,True,True,pass,,350.6499938964844,291.7354986572266,140.526199760437,0.3772002673203072,0.24768223041786364,-0.12665007746828305,-0.1203745308160526,0.009947635074806,-0.1443714083086588,-0.0570942653689099,0.009947635074806,-0.1443714083086588
PPTA,2025-01-03,A,True,True,pass,,11.079999923706056,10.528500022888183,7.785350012779236,0.08859961377117065,0.11790214365994767,-0.13437501885928171,-0.1439688970077783,0.0295719182479228,-0.1536965231781445,-0.0482490911150064,0.0295719182479228,-0.1536965231781445
EBS,2025-01-16,A,True,True,pass,,9.970000267028809,9.34780005455017,7.686300027370453,0.002380545177385951,0.09411965797137456,-0.033914674238890385,0.1648351229572935,0.1968031237072758,-0.0169830242164674,0.1238760981783391,0.1968031237072758,-0.0169830242164674
RUM,2025-02-03,A,True,True,pass,,12.210000038146973,10.24060001373291,7.083299994468689,0.32787863117245863,0.07853825689881933,-0.11328978705568271,-0.0144811183231289,0.1118261750218665,-0.041834307722997,-0.0683829734996698,0.1118261750218665,-0.1536604827448632
CVNA,2025-02-11,A,True,True,pass,,54.22999954223633,46.94231994628906,34.73681003570557,0.0021673348568114204,0.10509657156916496,0.0,0.0634716681714326,0.1050566187444723,-0.0158490594827903,-0.1221509249705188,0.1050566187444723,-0.2156603831165241
LTBR,2025-03-04,A,True,False,rejected,drawdown20_within_limit,10.869999885559082,8.226599988937378,5.101249995231629,0.3695022459712829,0.20839748968905458,-0.2843976177855305,-0.2338262296052953,0.0073937084993005,-0.3049907400160345,-0.1487984937233775,0.0073937084993005,-0.3049907400160345
COMP,2025-03-18,A,True,True,pass,,8.819999694824219,7.725999956130981,5.943649982213974,0.1530654821459676,0.09411125628286632,-0.13867188555013876,0.074031958083514,0.1059225892323649,-0.0159452612649523,-0.0068336523652807,0.1059225892323649,-0.0308655941559531
APP,2025-04-29,A,True,False,rejected,price_above_sma50;sma50_rising20,288.8800048828125,297.5882022094727,235.6205255126953,-0.14228687443497878,0.0794301605532668,-0.005199936944984551,0.2287523319646731,0.2477996286090444,-0.0077044235161748,0.4928804833868099,0.5356379596763228,-0.0077044235161748
EOSE,2025-04-29,A,True,False,rejected,sma50_rising20,5.420000076293945,4.329900012016297,3.54367500603199,-0.09607314879702467,0.09502635045133534,-0.010948894629691175,-0.0270270021477003,0.0463320957352806,-0.0617760049090294,0.3127413930659959,0.3629343970545822,-0.0617760049090294
CORZ,2025-05-06,A,True,False,rejected,sma50_above_sma200;sma50_rising20;sma200_rising20,8.989999771118164,8.183300094604492,11.731125030517578,-0.1787875440291632,-0.020046194877687773,0.0,0.1365149290777514,0.1426192913173298,-0.0294118020633659,0.2119866591445296,0.2452830168708264,-0.0294118020633659
CVNA,2025-05-06,A,True,False,rejected,sma50_rising20,51.762001037597656,41.70056015014649,40.592560052871704,-0.05702459136612703,0.05023093830474745,-0.0029279273983344734,0.1412882751983688,0.1644209130330565,-0.0038554024993709,0.177233456045522,0.2145805879325397,-0.0038554024993709
GDS,2025-05-15,A,True,False,rejected,price_above_sma50;sma50_rising20,26.440000534057617,26.67939998626709,23.062674922943117,-0.1449732389383358,0.06482759724468923,-0.09234461737753763,0.0558680077561219,0.1499437771982228,-0.0063742060670277,-0.1117360155122439,0.1499437771982228,-0.1552305728460924
QBTS,2025-06-03,A,True,True,pass,,17.68000030517578,9.866599969863891,5.349404982328415,0.3906412924402949,0.317613399657396,-0.0714286000502482,-0.0281285745678602,0.087830119399805,-0.0763490193961587,-0.1073478689649305,0.087830119399805,-0.148105620689236
APPS,2025-07-03,A,True,False,rejected,drawdown20_within_limit,6.03000020980835,4.636200017929077,3.2072500026226045,0.31047544806798744,0.07449160946159683,-0.20026522011726655,-0.1575456472716256,0.0364842093759467,-0.1641791398854341,-0.1094527862827793,0.0364842093759467,-0.1658374735001514
GRRR,2025-07-07,A,True,False,rejected,drawdown20_within_limit,21.0,18.861999893188475,15.313949974775314,0.01710451556476711,0.1329232369501694,-0.16765753543336726,-0.0521841597189932,0.1664699718009641,-0.079716636890709,-0.1560802133131948,0.1664699718009641,-0.1560802133131948
MP,2025-08-01,A,True,True,pass,,63.68999862670898,38.67400024414062,25.94430006980896,0.4745197861424435,0.17157262328682799,-0.006551270935018061,0.1680024901345742,0.2472104239853387,-0.0114725684422803,0.1791607342419823,0.2965582054868212,-0.0114725684422803
QUBT,2025-08-01,A,True,False,rejected,price_above_sma50;drawdown20_within_limit,14.800000190734863,16.520399951934813,9.839509990513324,0.28641509907214857,0.20688202254551724,-0.2555331581732243,0.080375005429492,0.1547219972354305,-0.0147354496002615,0.0261218607954911,0.1547219972354305,-0.0204286871360642
LTBR,2025-08-04,A,True,True,pass,,14.18000030517578,13.847999973297119,9.467599991559982,0.12484769466380996,0.1287144053172673,-0.05905769128542915,-0.0532959478740084,0.0504908346281947,-0.0589060406104747,0.0736325507630932,0.3183729968659827,-0.0589060406104747
APP,2025-08-12,A,True,True,pass,,467.0,371.76520080566405,329.3013756561279,0.038322375513990314,0.08088643519726824,0.0,-0.1228368514382149,0.0035502846482013,-0.1336366665602658,-0.0022322766691761,0.0035502846482013,-0.181108893994399
RDDT,2025-08-26,A,True,True,pass,,219.42999267578125,172.55519927978514,149.6598998260498,0.3137453717701626,0.09268598434969566,-0.10981747393192187,0.0098203292616989,0.083269193984873,-0.0576096106132724,0.1722405636436581,0.1817306092121735,-0.0576096106132724
MP,2025-08-27,A,True,True,pass,,71.4000015258789,55.631200065612795,30.687250051498413,0.5032209164418009,0.20369298792347545,-0.06764168426900186,-0.1025031689565696,0.0385959225896539,-0.1186128094660394,-0.1185848567138722,0.0385959225896539,-0.1413648560715992
RDDT,2025-09-04,A,False,False,pass,,232.1100006103516,182.99019958496095,152.46324981689452,0.2963814164694034,0.08654743720924185,-0.05837727947119031,0.1134188399355635,0.1394872420873396,-0.0176923050839675,0.1568803053635816,0.2091880863548343,-0.0176923050839675
CLS,2025-10-01,A,True,True,pass,,251.69000244140625,215.51040008544922,136.76359992980957,0.20097500259464418,0.13208387411858324,-0.023094286091973504,-0.0083647586145402,0.0021397805531679,-0.1042290526917695,0.0503053835629661,0.0570751021180646,-0.1042290526917695
LASR,2025-12-05,A,True,True,pass,,36.43999862670898,31.73969985961914,20.486675014495848,0.04356102504031534,0.1189019417607251,-0.0008226650120624068,-0.0104109881675407,0.0584931046995398,-0.0380821750588613,0.033150659848566,0.0584931046995398,-0.0606849356873394
NKTR,2025-12-09,A,True,True,pass,,58.77999877929688,58.66099983215332,30.016549956798553,0.0666179365837909,0.18068945623645738,-0.10519110070475202,-0.1548908132223956,0.0140966741504773,-0.2221075911231985,-0.2356884909065011,0.0140966741504773,-0.2673199196585515
GRAL,2026-01-02,A,True,False,rejected,price_above_sma50;drawdown20_within_limit,88.87000274658203,90.72230010986328,52.83542501449585,0.12365599999445887,0.11651696431282166,-0.15123440912615604,0.1239613880324215,0.2066697323595305,-0.0200988206220158,0.0857848596348993,0.2231080540228995,-0.0200988206220158
PL,2026-01-02,A,True,True,pass,,20.40999984741211,14.382399883270264,8.597299972772598,0.10676413432012044,0.18017776697442156,-0.015436550983623287,0.0971013646111469,0.1486473212994075,-0.0584541520398217,0.3903381461788253,0.4926569844616515,-0.0584541520398217
BIOA,2026-02-02,A,True,True,pass,,20.100000381469727,14.269400062561035,7.3030500316619875,0.4345142369399113,0.25135792740983653,-0.12303663549028221,0.0133399437162522,0.0622529764392496,-0.050395280103668,-0.0301383704174746,0.0622529764392496,-0.0597825641381323
NVTS,2026-02-03,A,True,False,rejected,sma50_rising20;drawdown20_within_limit,9.050000190734863,8.8756999874115,7.382099995613098,-0.027352523441813825,0.1205458454865258,-0.1984056491308006,-0.0254989450374892,0.0288247518860971,-0.1851441760952135,-0.1031042414610204,0.0288247518860971,-0.1851441760952135
TMC,2026-02-03,A,True,False,rejected,drawdown20_within_limit,7.119999885559082,7.1125999927520756,6.058524976968766,0.08997011421015366,0.10254228770450946,-0.24576269046084187,-0.1111110743181195,0.0,-0.2180555189465289,-0.1805555206022135,0.0,-0.2249999900658922
BIOA,2026-02-04,A,False,False,pass,,20.149999618530277,14.734000053405762,7.4652500295639035,0.4405835092627064,0.25843918320347625,-0.12085516791200479,-0.0044820793291754,0.0707171355422926,-0.0383466364885102,0.0029880212236232,0.1205179325442598,-0.0522907988570724
GRAL,2026-03-24,A,True,False,rejected,price_above_sma50;sma50_rising20;drawdown20_within_limit,48.650001525878906,77.66079978942871,65.78502495765686,-0.1806419944135147,0.016769700167865942,-0.162650554155374,0.027435409324986,0.0624254361287328,-0.0896619958238543,0.0095427345828402,0.1005964502990062,-0.0896619958238543
CDE,2026-04-02,A,True,False,rejected,price_above_sma50;sma50_rising20;drawdown20_within_limit,19.068586349487305,21.932370910644533,16.69465259552002,-0.006479575350710642,0.07013016961150953,-0.18244114332929928,0.057471324478751,0.0914316196743771,-0.0480668691385244,0.0647858508305816,0.1217346203962579,-0.0480668691385244
NBIS,2026-04-02,A,True,False,rejected,drawdown20_within_limit,108.81999969482422,99.98930068969726,89.13577547073365,0.05450808289708564,0.07985313427956497,-0.16195614493792487,0.3341615712760677,0.3787962661045096,-0.0111357139065615,0.446162286891625,0.5526412757953709,-0.0111357139065615
NVTS,2026-04-02,A,True,False,rejected,price_above_sma50;drawdown20_within_limit,8.800000190734863,9.011000032424926,8.423350002765655,0.004290890305890027,0.04203598675131559,-0.18819187575066665,0.0853242324522025,0.1393629564034131,-0.058020504106387,0.4015926903629965,0.4641638158603525,-0.058020504106387
STOK,2026-04-02,A,True,False,rejected,price_above_sma50,32.7400016784668,33.154199829101564,25.951749906539916,0.028879455401164655,0.09965508343005602,-0.14628414651541555,0.041565618465913,0.1016384217800701,-0.0342839560726487,0.1307646084044171,0.1331917327545237,-0.0342839560726487
TTMI,2026-04-02,A,True,False,rejected,price_above_sma50,97.4800033569336,98.24640029907226,67.48024995803833,0.07416316669662537,0.10493757038918106,-0.09740737632468899,0.250283010734857,0.2674694451262245,-0.0290213002774911,0.2991664118824149,0.304003308347988,-0.0290213002774911
DNTH,2026-04-07,A,True,True,pass,,86.19999694824219,64.59039970397949,40.582599821090696,0.3168814195223375,0.18526544628943986,-0.008283493279690024,0.0725506379627611,0.0854334429934884,-0.0327720826747387,0.0187592236657634,0.0905187290043998,-0.0327720826747387
HUT,2026-05-04,A,True,True,pass,,78.08000183105469,59.26919982910156,45.39327485084534,0.1266837720578189,0.1304443371254218,-0.032945208113616564,0.2808975182376765,0.3954625662384079,-0.0348207560846764,0.2058159741813177,0.4071196271484809,-0.0348207560846764
TYRA,2026-05-04,A,True,False,rejected,price_above_sma50,35.13999938964844,35.868599853515626,22.947999987602234,0.06253720961314158,0.12683663823571156,-0.06864564495126879,-0.0282857622419084,0.0152857099260603,-0.0782857622419085,0.0188571384974889,0.0648571559361048,-0.0782857622419085
CRVS,2026-05-12,A,True,False,rejected,sma50_rising20,15.970000267028809,15.349900035858154,10.893925001621247,-0.07464386768527698,0.1185474393665591,-0.10532213301197269,-0.2730720466598733,0.0202275411502637,-0.2781289319474394,-0.1826801166496832,0.0202275411502637,-0.2781289319474394
HUT,2026-06-04,A,True,True,pass,,127.76000213623048,85.03060020446777,55.161099910736084,0.39867223701896326,0.19588581139194883,-0.039542940665199144,-0.0485889770258178,0.0223313158031377,-0.147239263803681,0.0179141304000509,0.0519427902128066,-0.147239263803681
AGX,2026-08-03,A,True,False,rejected,price_above_sma50;sma50_rising20,592.6599731445312,654.0229071044922,487.9868881225586,-0.05028063386622317,0.07152112963759638,-0.13722982291077368,-0.0358131652893047,0.0492660088078538,-0.042116537515994,-0.0225262612667248,0.0492660088078538,-0.080915601289205
TER,2026-08-03,A,True,False,rejected,price_above_sma50;sma50_rising20,365.6595153808594,380.7281524658203,290.307315826416,-0.009442677346120032,0.079219688220173,-0.0220298392804279,-0.0604976200670144,0.0543218565267773,-0.0626591608651252,0.1403207106156665,0.1429711797701456,-0.0626591608651252
MU,2026-08-04,A,True,False,rejected,price_above_sma50,892.6699829101562,969.3191052246094,524.6542473602295,0.11283478349401488,0.16028076244464207,-0.0998043950186589,-0.0189539912945788,0.0493391994556267,-0.0658533701534428,0.062645456610608,0.1703716470909022,-0.0658533701534428
RLAY,2026-08-04,A,True,True,pass,,19.540000915527344,17.238700065612793,11.47967502117157,0.16755391379624385,0.13649458813358728,-0.05831320889024849,0.0261807105167564,0.0631416617628484,-0.0413244519554729,0.0580082697468844,0.0775154139818057,-0.0413244519554729
PRAX,2026-08-05,A,True,False,rejected,sma50_rising20,319.2300109863281,305.5585998535156,287.7382996368408,-0.02524746577093595,0.09783594434876841,-0.04169663885223418,0.1023196999077253,0.103261341385439,-0.0192312900131232,0.1019202816112327,0.1197820379493532,-0.0192312900131232
CYTK,2020-04-06,B,True,False,rejected,price_above_sma50;sma50_rising20,12.460000038146973,12.96939992904663,11.826849970817566,-0.01653093056020538,0.0070632418341864955,-0.06456454026882741,0.0694554150861792,0.1720600072650866,-0.0568271714832863,0.1854775349107273,0.2320441643788269,-0.0568271714832863
TSLA,2020-05-06,B,True,False,rejected,sma50_rising20,52.172000885009766,41.83318687438965,29.241740040779113,-0.03070340373883018,0.1247701264371095,-0.022398188525085794,0.0176915110358162,0.0850220894490347,-0.0178973606850287,0.0493431769123862,0.0850220894490347,-0.0178973606850287
NIU,2020-08-04,B,True,True,pass,,22.3700008392334,16.43340003967285,10.5119500041008,0.38391188132205856,0.1265197447661086,-0.024422130767088546,-0.0972590928963914,0.0035366896877959,-0.1007957825841874,-0.1096375489643441,0.0035366896877959,-0.1600353980957712
CLF,2021-07-02,B,True,True,pass,,22.3700008392334,20.33700008392334,14.94850003004074,0.08376143494139554,0.11355696177028474,-0.0846972033384219,0.038236635131492,0.0548808477654334,-0.0998650184016674,-0.133603210729338,0.0548808477654334,-0.1673414030570087
CYH,2021-07-02,B,True,True,pass,,15.6899995803833,14.390400009155274,9.903499991893769,0.1265206404567374,0.1219553629414103,-0.057657661269767235,0.0209390811493324,0.0317258878641193,-0.0666243766171164,-0.0970812604330818,0.0317258878641193,-0.1180203415824144
NOV,2022-12-02,B,True,True,pass,,20.672882080078125,18.835703125,17.12697570323944,0.11611259462241619,0.035591500692332634,-0.05806194370173334,-0.1579815641630033,0.0021805161969083,-0.1597303444290534,-0.1321874516112017,0.0021805161969083,-0.1614790239484641
IMVT,2023-02-02,B,True,True,pass,,18.290000915527344,16.382799911499024,8.584299976825713,0.18186671107065533,0.17392939408286257,-0.0725151342606154,0.1323170809005429,0.1762195953792384,-0.0664633673333742,0.0908536466936633,0.1762195953792384,-0.0664633673333742
VRDN,2023-02-02,B,True,True,pass,,37.09000015258789,30.183799972534178,19.98477499485016,0.25155180084875717,0.0896630772002509,-0.013563785697603525,-0.0565679033222723,0.0334511701638182,-0.1195267991038522,-0.1063366820433788,0.0334511701638182,-0.1272776787302878
FDMT,2023-06-02,B,True,False,rejected,sma50_rising20,18.36000061035156,17.748400020599366,16.10332500219345,-0.0021757388476595363,0.04977924938593614,-0.0010880604639923463,0.2031762890454154,0.217962732330154,-0.0038334991208545,0.1243154671035111,0.3198247579072184,-0.0038334991208545
AMSC,2024-02-02,B,True,False,rejected,drawdown20_within_limit,11.170000076293944,10.579399967193604,7.820000002384186,0.14644560366353243,0.093522766100683,-0.18881628867367395,0.0281818563287907,0.0336363532326438,-0.0736364017833363,0.2981817939064719,0.3318181471391155,-0.0736364017833363
AAOI,2024-05-02,B,True,False,rejected,price_above_sma50;sma50_above_sma200;sma50_rising20;drawdown20_within_limit,10.350000381469728,13.196399993896485,13.543875019550324,-0.18156277334318438,0.034973865297722506,-0.17332268346270896,-0.0056604167412663,0.1735848238392656,-0.016981160254527,0.0594338809522994,0.1735848238392656,-0.0754717133910085
SMCI,2024-07-03,B,True,False,rejected,sma50_rising20,84.69999694824219,83.24607986450195,60.50338502883911,-0.04787541961468489,0.10404282379346452,-0.07935786074101348,0.0494747261571526,0.1029741311040217,-0.0224832566176867,-0.0539242306517239,0.1369054409835786,-0.0864275390786972
CDE,2024-10-02,B,True,True,pass,,7.0221147537231445,6.227406902313232,4.736630957126618,0.03184376118911225,0.08491580505622576,-0.06391478841841947,-0.0973837018638132,0.0305232608508521,-0.1235464680026421,-0.0508720658235015,0.0305232608508521,-0.1235464680026421
LUMN,2025-01-08,B,True,False,rejected,price_above_sma50;sma50_rising20;drawdown20_within_limit,5.519999980926514,6.965,4.145850005745888,-0.03142817205128168,0.11289023687513633,-0.1520737654605837,0.0240740948416728,0.0907406967526771,-0.0481481896833456,0.0962962910635154,0.1333332921251846,-0.0481481896833456
CRMD,2025-02-05,B,True,False,rejected,drawdown20_within_limit,10.68000030517578,9.984000024795533,7.444000014066696,0.011201814402520327,0.09928894692580581,-0.16497260851997286,-0.0671642023408611,0.0102611617478751,-0.0867537576501892,0.0093283045992991,0.0522387548501055,-0.0867537576501892
AGX,2025-04-02,B,True,False,rejected,sma50_rising20,136.71815490722656,132.6174871826172,114.87981258392334,-0.08787597530746716,0.04640260898036708,-0.0007238092306532939,0.1158441556234026,0.1710940731327079,-0.1263753632236406,0.1688147726463651,0.2110972147158496,-0.1263753632236406
QUBT,2025-05-06,B,True,False,rejected,sma50_rising20,7.079999923706055,6.809199991226197,5.424495001733303,-0.11018765331807967,0.129045819535476,-0.11610490369556525,0.2406492469338059,0.3493296214740804,-0.0232886324579585,0.6245589508694185,0.82921665044007,-0.0232886324579585
SRRK,2025-07-07,B,True,False,rejected,sma50_above_sma200,35.47999954223633,32.42379989624023,32.82462504386902,0.058024639155718205,0.08371885629921905,-0.02312775769950226,0.0910376397495564,0.0924512455898292,-0.0499292873526227,0.1625671522092295,0.2431439793193144,-0.0499292873526227
AMLX,2025-08-06,B,True,True,pass,,8.1899995803833,6.6480999851226805,4.8877999973297115,0.2312664308635659,0.10955864308020535,-0.0284698358367943,0.0375000238418579,0.0612499713897705,-0.0649999976158142,0.0037499666213989,0.0612499713897705,-0.0649999976158142
VSTM,2025-10-02,B,True,False,rejected,drawdown20_within_limit,8.989999771118164,8.30839997291565,6.500349991321563,0.2809744090185655,0.07780504388275578,-0.1652739657371486,0.0255271405542318,0.0499444836663431,-0.0577137008384077,0.0554938942617597,0.0987790640443619,-0.0577137008384077
AEVA,2026-02-03,B,True,False,rejected,price_above_sma50;sma50_above_sma200;drawdown20_within_limit,13.079999923706056,14.667200031280517,16.724474997520446,0.0984033815589207,0.06634500027916879,-0.3678105564968357,0.0093603657110481,0.1154446592154101,-0.1275350479039102,0.0109204638576765,0.1154446592154101,-0.1275350479039102
AG,2026-04-02,B,True,False,rejected,price_above_sma50;drawdown20_within_limit,21.802824020385746,23.889718475341798,15.000658094882965,0.05803931771709836,0.10944647112817019,-0.18263465304000048,-0.0476631343759214,0.0782045368269943,-0.0731142852219233,-0.0055529948474543,0.0782045368269943,-0.0731142852219233
MXL,2026-06-04,B,True,True,pass,,94.20999908447266,59.15660015106201,27.453900022506716,1.0736038553511467,0.39543004617738586,-0.07881096923004738,-0.1132859590603924,0.0004374075107946,-0.2589393230770463,-0.0294149251151335,0.0366321073297748,-0.2589393230770463
